schedule,condition,epoch,ef,recall,edge_count
gradual,static,0,32,0.9822000000000001,0
gradual,static,0,64,0.9944,0
gradual,static,0,128,0.9992000000000001,0
gradual,static,1,32,0.984,0
gradual,static,1,64,0.9972000000000001,0
gradual,static,1,128,0.999,0
gradual,static,2,32,0.983,0
gradual,static,2,64,0.9967999999999999,0
gradual,static,2,128,0.9994,0
gradual,static,3,32,0.9832000000000001,0
gradual,static,3,64,0.9946,0
gradual,static,3,128,0.9985999999999999,0
gradual,static,4,32,0.988,0
gradual,static,4,64,0.9966000000000002,0
gradual,static,4,128,0.9992000000000001,0
gradual,static,5,32,0.9866000000000001,0
gradual,static,5,64,0.9962000000000001,0
gradual,static,5,128,0.999,0
gradual,static,6,32,0.9816000000000001,0
gradual,static,6,64,0.9962000000000001,0
gradual,static,6,128,0.9987999999999999,0
gradual,static,7,32,0.9624000000000001,0
gradual,static,7,64,0.9888000000000001,0
gradual,static,7,128,0.998,0
gradual,static,8,32,0.9262,0
gradual,static,8,64,0.9724,0
gradual,static,8,128,0.992,0
gradual,static,9,32,0.8652000000000001,0
gradual,static,9,64,0.9388000000000002,0
gradual,static,9,128,0.9818000000000001,0
gradual,static,10,32,0.8644000000000001,0
gradual,static,10,64,0.9424000000000001,0
gradual,static,10,128,0.9816000000000001,0
gradual,static,11,32,0.879,0
gradual,static,11,64,0.9496000000000001,0
gradual,static,11,128,0.9838,0
gradual,static,12,32,0.8666,0
gradual,static,12,64,0.9442,0
gradual,static,12,128,0.9848000000000001,0
gradual,static,13,32,0.8732000000000001,0
gradual,static,13,64,0.949,0
gradual,static,13,128,0.9824,0
gradual,static,14,32,0.8656,0
gradual,static,14,64,0.9472,0
gradual,static,14,128,0.9834,0
gradual,static,15,32,0.8746,0
gradual,static,15,64,0.9438000000000001,0
gradual,static,15,128,0.9828000000000001,0
gradual,static,16,32,0.7832,0
gradual,static,16,64,0.889,0
gradual,static,16,128,0.956,0
gradual,static,17,32,0.6826,0
gradual,static,17,64,0.8146000000000001,0
gradual,static,17,128,0.9102,0
gradual,static,18,32,0.5905999999999999,0
gradual,static,18,64,0.7298000000000001,0
gradual,static,18,128,0.8396,0
gradual,static,19,32,0.5032,0
gradual,static,19,64,0.6418,0
gradual,static,19,128,0.7557999999999999,0
gradual,static,20,32,0.4772,0
gradual,static,20,64,0.6142,0
gradual,static,20,128,0.7304,0
gradual,static,21,32,0.514,0
gradual,static,21,64,0.6476000000000001,0
gradual,static,21,128,0.7547999999999999,0
gradual,static,22,32,0.5078,0
gradual,static,22,64,0.6397999999999999,0
gradual,static,22,128,0.7596,0
gradual,static,23,32,0.48579999999999995,0
gradual,static,23,64,0.614,0
gradual,static,23,128,0.7422000000000001,0
gradual,static,24,32,0.5085999999999999,0
gradual,static,24,64,0.639,0
gradual,static,24,128,0.7546,0
gradual,adaptive_eh,0,32,0.9822000000000001,0
gradual,adaptive_eh,0,64,0.9944,0
gradual,adaptive_eh,0,128,0.9992000000000001,0
gradual,adaptive_eh,1,32,0.984,0
gradual,adaptive_eh,1,64,0.9972000000000001,0
gradual,adaptive_eh,1,128,0.999,0
gradual,adaptive_eh,2,32,0.983,0
gradual,adaptive_eh,2,64,0.9967999999999999,0
gradual,adaptive_eh,2,128,0.9994,0
gradual,adaptive_eh,3,32,0.9832000000000001,0
gradual,adaptive_eh,3,64,0.9946,0
gradual,adaptive_eh,3,128,0.9985999999999999,0
gradual,adaptive_eh,4,32,0.988,0
gradual,adaptive_eh,4,64,0.9966000000000002,0
gradual,adaptive_eh,4,128,0.9992000000000001,0
gradual,adaptive_eh,5,32,0.9866000000000001,0
gradual,adaptive_eh,5,64,0.9962000000000001,0
gradual,adaptive_eh,5,128,0.999,0
gradual,adaptive_eh,6,32,0.9816000000000001,0
gradual,adaptive_eh,6,64,0.9962000000000001,0
gradual,adaptive_eh,6,128,0.9987999999999999,0
gradual,adaptive_eh,7,32,0.9624000000000001,21386
gradual,adaptive_eh,7,64,0.9888000000000001,21386
gradual,adaptive_eh,7,128,0.998,21386
gradual,adaptive_eh,8,32,0.9280000000000002,42706
gradual,adaptive_eh,8,64,0.9728,42706
gradual,adaptive_eh,8,128,0.992,42706
gradual,adaptive_eh,9,32,0.8734000000000001,62336
gradual,adaptive_eh,9,64,0.942,62336
gradual,adaptive_eh,9,128,0.9834,62336
gradual,adaptive_eh,10,32,0.8888,78275
gradual,adaptive_eh,10,64,0.9546000000000001,78275
gradual,adaptive_eh,10,128,0.9856,78275
gradual,adaptive_eh,11,32,0.9070000000000001,88480
gradual,adaptive_eh,11,64,0.963,88480
gradual,adaptive_eh,11,128,0.9874,88480
gradual,adaptive_eh,12,32,0.8994000000000001,97631
gradual,adaptive_eh,12,64,0.9574000000000001,97631
gradual,adaptive_eh,12,128,0.9894,97631
gradual,adaptive_eh,13,32,0.909,105619
gradual,adaptive_eh,13,64,0.9614,105619
gradual,adaptive_eh,13,128,0.9864,105619
gradual,adaptive_eh,14,32,0.9074000000000001,112243
gradual,adaptive_eh,14,64,0.9646,112243
gradual,adaptive_eh,14,128,0.9882,112243
gradual,adaptive_eh,15,32,0.9096000000000001,112243
gradual,adaptive_eh,15,64,0.9596,112243
gradual,adaptive_eh,15,128,0.9858,112243
gradual,adaptive_eh,16,32,0.8615999999999999,122492
gradual,adaptive_eh,16,64,0.9284000000000001,122492
gradual,adaptive_eh,16,128,0.9688,122492
gradual,adaptive_eh,17,32,0.8054000000000001,128899
gradual,adaptive_eh,17,64,0.879,128899
gradual,adaptive_eh,17,128,0.9376,128899
gradual,adaptive_eh,18,32,0.7564000000000001,134682
gradual,adaptive_eh,18,64,0.8284,134682
gradual,adaptive_eh,18,128,0.8878,134682
gradual,adaptive_eh,19,32,0.6446,141802
gradual,adaptive_eh,19,64,0.7308,141802
gradual,adaptive_eh,19,128,0.8036,141802
gradual,adaptive_eh,20,32,0.6794,147227
gradual,adaptive_eh,20,64,0.7514000000000001,147227
gradual,adaptive_eh,20,128,0.8158,147227
gradual,adaptive_eh,21,32,0.7348,150229
gradual,adaptive_eh,21,64,0.7898,150229
gradual,adaptive_eh,21,128,0.843,150229
gradual,adaptive_eh,22,32,0.7692,152227
gradual,adaptive_eh,22,64,0.8192,152227
gradual,adaptive_eh,22,128,0.871,152227
gradual,adaptive_eh,23,32,0.7607999999999999,154205
gradual,adaptive_eh,23,64,0.7975999999999999,154205
gradual,adaptive_eh,23,128,0.8526,154205
gradual,adaptive_eh,24,32,0.7716000000000002,65995
gradual,adaptive_eh,24,64,0.815,65995
gradual,adaptive_eh,24,128,0.8562000000000001,65995
gradual,adaptive_layer0,0,32,0.9822000000000001,800
gradual,adaptive_layer0,0,64,0.9946,800
gradual,adaptive_layer0,0,128,0.9992000000000001,800
gradual,adaptive_layer0,1,32,0.984,1600
gradual,adaptive_layer0,1,64,0.9972000000000001,1600
gradual,adaptive_layer0,1,128,0.9992000000000001,1600
gradual,adaptive_layer0,2,32,0.983,2400
gradual,adaptive_layer0,2,64,0.9967999999999999,2400
gradual,adaptive_layer0,2,128,0.9994,2400
gradual,adaptive_layer0,3,32,0.9834,3200
gradual,adaptive_layer0,3,64,0.9947999999999999,3200
gradual,adaptive_layer0,3,128,0.9985999999999999,3200
gradual,adaptive_layer0,4,32,0.988,4000
gradual,adaptive_layer0,4,64,0.9966000000000002,4000
gradual,adaptive_layer0,4,128,0.9992000000000001,4000
gradual,adaptive_layer0,5,32,0.9866000000000001,4800
gradual,adaptive_layer0,5,64,0.9962000000000001,4800
gradual,adaptive_layer0,5,128,0.999,4800
gradual,adaptive_layer0,6,32,0.982,5600
gradual,adaptive_layer0,6,64,0.9964,5600
gradual,adaptive_layer0,6,128,0.9992000000000001,5600
gradual,adaptive_layer0,7,32,0.9624000000000001,6400
gradual,adaptive_layer0,7,64,0.9888000000000001,6400
gradual,adaptive_layer0,7,128,0.998,6400
gradual,adaptive_layer0,8,32,0.9258000000000001,7200
gradual,adaptive_layer0,8,64,0.9724,7200
gradual,adaptive_layer0,8,128,0.992,7200
gradual,adaptive_layer0,9,32,0.8652000000000001,8000
gradual,adaptive_layer0,9,64,0.9386000000000001,8000
gradual,adaptive_layer0,9,128,0.9818000000000001,8000
gradual,adaptive_layer0,10,32,0.8647999999999999,8800
gradual,adaptive_layer0,10,64,0.9430000000000001,8800
gradual,adaptive_layer0,10,128,0.9816000000000001,8800
gradual,adaptive_layer0,11,32,0.8786,9600
gradual,adaptive_layer0,11,64,0.9506000000000001,9600
gradual,adaptive_layer0,11,128,0.9838,9600
gradual,adaptive_layer0,12,32,0.8667999999999999,10400
gradual,adaptive_layer0,12,64,0.9446000000000001,10400
gradual,adaptive_layer0,12,128,0.9846000000000001,10400
gradual,adaptive_layer0,13,32,0.8728,11200
gradual,adaptive_layer0,13,64,0.9494000000000001,11200
gradual,adaptive_layer0,13,128,0.9825999999999999,11200
gradual,adaptive_layer0,14,32,0.8654000000000001,12000
gradual,adaptive_layer0,14,64,0.9476000000000001,12000
gradual,adaptive_layer0,14,128,0.9834,12000
gradual,adaptive_layer0,15,32,0.8742000000000001,12800
gradual,adaptive_layer0,15,64,0.9448000000000001,12800
gradual,adaptive_layer0,15,128,0.9824,12800
gradual,adaptive_layer0,16,32,0.7837999999999999,13600
gradual,adaptive_layer0,16,64,0.89,13600
gradual,adaptive_layer0,16,128,0.9562,13600
gradual,adaptive_layer0,17,32,0.6832,14400
gradual,adaptive_layer0,17,64,0.8148,14400
gradual,adaptive_layer0,17,128,0.9104000000000001,14400
gradual,adaptive_layer0,18,32,0.5942000000000001,15200
gradual,adaptive_layer0,18,64,0.7324,15200
gradual,adaptive_layer0,18,128,0.8398,15200
gradual,adaptive_layer0,19,32,0.5052,16000
gradual,adaptive_layer0,19,64,0.6446000000000002,16000
gradual,adaptive_layer0,19,128,0.7626000000000001,16000
gradual,adaptive_layer0,20,32,0.479,16800
gradual,adaptive_layer0,20,64,0.619,16800
gradual,adaptive_layer0,20,128,0.74,16800
gradual,adaptive_layer0,21,32,0.5187999999999999,17600
gradual,adaptive_layer0,21,64,0.6517999999999999,17600
gradual,adaptive_layer0,21,128,0.769,17600
gradual,adaptive_layer0,22,32,0.512,18400
gradual,adaptive_layer0,22,64,0.6447999999999999,18400
gradual,adaptive_layer0,22,128,0.767,18400
gradual,adaptive_layer0,23,32,0.487,19200
gradual,adaptive_layer0,23,64,0.6162000000000001,19200
gradual,adaptive_layer0,23,128,0.7456000000000002,19200
gradual,adaptive_layer0,24,32,0.509,20000
gradual,adaptive_layer0,24,64,0.6436000000000001,20000
gradual,adaptive_layer0,24,128,0.7637999999999999,20000
sudden,static,0,32,0.9822000000000001,0
sudden,static,0,64,0.9944,0
sudden,static,0,128,0.9992000000000001,0
sudden,static,1,32,0.984,0
sudden,static,1,64,0.9972000000000001,0
sudden,static,1,128,0.999,0
sudden,static,2,32,0.983,0
sudden,static,2,64,0.9967999999999999,0
sudden,static,2,128,0.9994,0
sudden,static,3,32,0.9832000000000001,0
sudden,static,3,64,0.9946,0
sudden,static,3,128,0.9985999999999999,0
sudden,static,4,32,0.988,0
sudden,static,4,64,0.9966000000000002,0
sudden,static,4,128,0.9992000000000001,0
sudden,static,5,32,0.9866000000000001,0
sudden,static,5,64,0.9962000000000001,0
sudden,static,5,128,0.999,0
sudden,static,6,32,0.9874,0
sudden,static,6,64,0.9966,0
sudden,static,6,128,0.9992000000000001,0
sudden,static,7,32,0.9838000000000001,0
sudden,static,7,64,0.9964000000000001,0
sudden,static,7,128,0.9987999999999999,0
sudden,static,8,32,0.9858000000000001,0
sudden,static,8,64,0.9952000000000001,0
sudden,static,8,128,0.999,0
sudden,static,9,32,0.9826000000000001,0
sudden,static,9,64,0.9952000000000001,0
sudden,static,9,128,0.9986,0
sudden,static,10,32,0.9845999999999999,0
sudden,static,10,64,0.9958,0
sudden,static,10,128,0.9984,0
sudden,static,11,32,0.9834,0
sudden,static,11,64,0.9952000000000001,0
sudden,static,11,128,0.9994000000000001,0
sudden,static,12,32,0.985,0
sudden,static,12,64,0.9966,0
sudden,static,12,128,0.9994,0
sudden,static,13,32,0.5046,0
sudden,static,13,64,0.6407999999999999,0
sudden,static,13,128,0.762,0
sudden,static,14,32,0.5111999999999999,0
sudden,static,14,64,0.6497999999999999,0
sudden,static,14,128,0.768,0
sudden,static,15,32,0.5154,0
sudden,static,15,64,0.6452,0
sudden,static,15,128,0.7612000000000001,0
sudden,static,16,32,0.5131999999999999,0
sudden,static,16,64,0.643,0
sudden,static,16,128,0.7562000000000001,0
sudden,static,17,32,0.5156000000000001,0
sudden,static,17,64,0.637,0
sudden,static,17,128,0.7564000000000001,0
sudden,static,18,32,0.498,0
sudden,static,18,64,0.6286,0
sudden,static,18,128,0.7642,0
sudden,static,19,32,0.5032,0
sudden,static,19,64,0.6418,0
sudden,static,19,128,0.7557999999999999,0
sudden,static,20,32,0.4772,0
sudden,static,20,64,0.6142,0
sudden,static,20,128,0.7304,0
sudden,static,21,32,0.514,0
sudden,static,21,64,0.6476000000000001,0
sudden,static,21,128,0.7547999999999999,0
sudden,static,22,32,0.5078,0
sudden,static,22,64,0.6397999999999999,0
sudden,static,22,128,0.7596,0
sudden,static,23,32,0.48579999999999995,0
sudden,static,23,64,0.614,0
sudden,static,23,128,0.7422000000000001,0
sudden,static,24,32,0.5085999999999999,0
sudden,static,24,64,0.639,0
sudden,static,24,128,0.7546,0
sudden,adaptive_eh,0,32,0.9822000000000001,0
sudden,adaptive_eh,0,64,0.9944,0
sudden,adaptive_eh,0,128,0.9992000000000001,0
sudden,adaptive_eh,1,32,0.984,0
sudden,adaptive_eh,1,64,0.9972000000000001,0
sudden,adaptive_eh,1,128,0.999,0
sudden,adaptive_eh,2,32,0.983,0
sudden,adaptive_eh,2,64,0.9967999999999999,0
sudden,adaptive_eh,2,128,0.9994,0
sudden,adaptive_eh,3,32,0.9832000000000001,0
sudden,adaptive_eh,3,64,0.9946,0
sudden,adaptive_eh,3,128,0.9985999999999999,0
sudden,adaptive_eh,4,32,0.988,0
sudden,adaptive_eh,4,64,0.9966000000000002,0
sudden,adaptive_eh,4,128,0.9992000000000001,0
sudden,adaptive_eh,5,32,0.9866000000000001,0
sudden,adaptive_eh,5,64,0.9962000000000001,0
sudden,adaptive_eh,5,128,0.999,0
sudden,adaptive_eh,6,32,0.9874,0
sudden,adaptive_eh,6,64,0.9966,0
sudden,adaptive_eh,6,128,0.9992000000000001,0
sudden,adaptive_eh,7,32,0.9838000000000001,0
sudden,adaptive_eh,7,64,0.9964000000000001,0
sudden,adaptive_eh,7,128,0.9987999999999999,0
sudden,adaptive_eh,8,32,0.9858000000000001,0
sudden,adaptive_eh,8,64,0.9952000000000001,0
sudden,adaptive_eh,8,128,0.999,0
sudden,adaptive_eh,9,32,0.9826000000000001,0
sudden,adaptive_eh,9,64,0.9952000000000001,0
sudden,adaptive_eh,9,128,0.9986,0
sudden,adaptive_eh,10,32,0.9845999999999999,19244
sudden,adaptive_eh,10,64,0.9958,19244
sudden,adaptive_eh,10,128,0.9984,19244
sudden,adaptive_eh,11,32,0.9834,19244
sudden,adaptive_eh,11,64,0.9952000000000001,19244
sudden,adaptive_eh,11,128,0.9994000000000001,19244
sudden,adaptive_eh,12,32,0.9852000000000001,19244
sudden,adaptive_eh,12,64,0.9966,19244
sudden,adaptive_eh,12,128,0.9994,19244
sudden,adaptive_eh,13,32,0.5046,42789
sudden,adaptive_eh,13,64,0.6407999999999999,42789
sudden,adaptive_eh,13,128,0.762,42789
sudden,adaptive_eh,14,32,0.699,56453
sudden,adaptive_eh,14,64,0.764,56453
sudden,adaptive_eh,14,128,0.8226,56453
sudden,adaptive_eh,15,32,0.7504,61812
sudden,adaptive_eh,15,64,0.8052,61812
sudden,adaptive_eh,15,128,0.8624,61812
sudden,adaptive_eh,16,32,0.7572000000000001,65635
sudden,adaptive_eh,16,64,0.8026,65635
sudden,adaptive_eh,16,128,0.8473999999999999,65635
sudden,adaptive_eh,17,32,0.7878000000000001,67979
sudden,adaptive_eh,17,64,0.8306,67979
sudden,adaptive_eh,17,128,0.8700000000000001,67979
sudden,adaptive_eh,18,32,0.782,69712
sudden,adaptive_eh,18,64,0.8274,69712
sudden,adaptive_eh,18,128,0.8796,69712
sudden,adaptive_eh,19,32,0.7712,70953
sudden,adaptive_eh,19,64,0.8238,70953
sudden,adaptive_eh,19,128,0.8682000000000001,70953
sudden,adaptive_eh,20,32,0.7537999999999999,72017
sudden,adaptive_eh,20,64,0.8066,72017
sudden,adaptive_eh,20,128,0.855,72017
sudden,adaptive_eh,21,32,0.7716000000000001,73179
sudden,adaptive_eh,21,64,0.8222,73179
sudden,adaptive_eh,21,128,0.8657999999999999,73179
sudden,adaptive_eh,22,32,0.7956,73969
sudden,adaptive_eh,22,64,0.8446000000000001,73969
sudden,adaptive_eh,22,128,0.8864000000000001,73969
sudden,adaptive_eh,23,32,0.775,74798
sudden,adaptive_eh,23,64,0.8154000000000001,74798
sudden,adaptive_eh,23,128,0.8598,74798
sudden,adaptive_eh,24,32,0.7802,75426
sudden,adaptive_eh,24,64,0.8276000000000001,75426
sudden,adaptive_eh,24,128,0.8632000000000001,75426
sudden,adaptive_layer0,0,32,0.9822000000000001,800
sudden,adaptive_layer0,0,64,0.9946,800
sudden,adaptive_layer0,0,128,0.9992000000000001,800
sudden,adaptive_layer0,1,32,0.984,1600
sudden,adaptive_layer0,1,64,0.9972000000000001,1600
sudden,adaptive_layer0,1,128,0.9992000000000001,1600
sudden,adaptive_layer0,2,32,0.983,2400
sudden,adaptive_layer0,2,64,0.9967999999999999,2400
sudden,adaptive_layer0,2,128,0.9994,2400
sudden,adaptive_layer0,3,32,0.9834,3200
sudden,adaptive_layer0,3,64,0.9947999999999999,3200
sudden,adaptive_layer0,3,128,0.9985999999999999,3200
sudden,adaptive_layer0,4,32,0.988,4000
sudden,adaptive_layer0,4,64,0.9966000000000002,4000
sudden,adaptive_layer0,4,128,0.9992000000000001,4000
sudden,adaptive_layer0,5,32,0.9866000000000001,4800
sudden,adaptive_layer0,5,64,0.9962000000000001,4800
sudden,adaptive_layer0,5,128,0.999,4800
sudden,adaptive_layer0,6,32,0.9874,5600
sudden,adaptive_layer0,6,64,0.997,5600
sudden,adaptive_layer0,6,128,0.9996,5600
sudden,adaptive_layer0,7,32,0.9838000000000001,6400
sudden,adaptive_layer0,7,64,0.9964000000000001,6400
sudden,adaptive_layer0,7,128,0.9987999999999999,6400
sudden,adaptive_layer0,8,32,0.9858000000000001,7200
sudden,adaptive_layer0,8,64,0.9954,7200
sudden,adaptive_layer0,8,128,0.999,7200
sudden,adaptive_layer0,9,32,0.9826000000000001,8000
sudden,adaptive_layer0,9,64,0.9954000000000001,8000
sudden,adaptive_layer0,9,128,0.999,8000
sudden,adaptive_layer0,10,32,0.9845999999999999,8800
sudden,adaptive_layer0,10,64,0.996,8800
sudden,adaptive_layer0,10,128,0.9986,8800
sudden,adaptive_layer0,11,32,0.9836,9600
sudden,adaptive_layer0,11,64,0.9954,9600
sudden,adaptive_layer0,11,128,0.9994000000000001,9600
sudden,adaptive_layer0,12,32,0.9852000000000001,10400
sudden,adaptive_layer0,12,64,0.9967999999999999,10400
sudden,adaptive_layer0,12,128,0.9994,10400
sudden,adaptive_layer0,13,32,0.5046,11200
sudden,adaptive_layer0,13,64,0.6407999999999999,11200
sudden,adaptive_layer0,13,128,0.762,11200
sudden,adaptive_layer0,14,32,0.5108,12000
sudden,adaptive_layer0,14,64,0.6496,12000
sudden,adaptive_layer0,14,128,0.7726000000000002,12000
sudden,adaptive_layer0,15,32,0.5192,12800
sudden,adaptive_layer0,15,64,0.647,12800
sudden,adaptive_layer0,15,128,0.7646000000000002,12800
sudden,adaptive_layer0,16,32,0.5146,13600
sudden,adaptive_layer0,16,64,0.6444,13600
sudden,adaptive_layer0,16,128,0.7637999999999999,13600
sudden,adaptive_layer0,17,32,0.5167999999999999,14400
sudden,adaptive_layer0,17,64,0.639,14400
sudden,adaptive_layer0,17,128,0.7566,14400
sudden,adaptive_layer0,18,32,0.5,15200
sudden,adaptive_layer0,18,64,0.6285999999999999,15200
sudden,adaptive_layer0,18,128,0.766,15200
sudden,adaptive_layer0,19,32,0.5052000000000001,16000
sudden,adaptive_layer0,19,64,0.6434000000000001,16000
sudden,adaptive_layer0,19,128,0.762,16000
sudden,adaptive_layer0,20,32,0.4794,16800
sudden,adaptive_layer0,20,64,0.6178,16800
sudden,adaptive_layer0,20,128,0.74,16800
sudden,adaptive_layer0,21,32,0.518,17600
sudden,adaptive_layer0,21,64,0.6524,17600
sudden,adaptive_layer0,21,128,0.7684,17600
sudden,adaptive_layer0,22,32,0.5105999999999999,18400
sudden,adaptive_layer0,22,64,0.6436000000000001,18400
sudden,adaptive_layer0,22,128,0.7662,18400
sudden,adaptive_layer0,23,32,0.487,19200
sudden,adaptive_layer0,23,64,0.6154,19200
sudden,adaptive_layer0,23,128,0.7454000000000001,19200
sudden,adaptive_layer0,24,32,0.5068,20000
sudden,adaptive_layer0,24,64,0.6432,20000
sudden,adaptive_layer0,24,128,0.763,20000
