strategy,ef_search,actual_search_ef,phase_idx,hardness_bin,is_plateau,hardness_bin_lo,hardness_bin_hi,mean_recall,mean_base_dist_comps,n_queries,mean_t_query_ms,mean_t_adapt_ms
escalation_only,10,10,0,1,False,0.0,0.0,0.9398,360.8623,3000,0.0715,0.0887
escalation_only,10,10,1,2,False,0.0,0.1,0.8835,499.3753,3000,0.085,0.0873
escalation_only,10,10,2,3,False,0.1,0.1,0.8354,406.8117,3000,0.075,0.0875
escalation_only,10,10,3,3,True,0.1,0.1,0.8426,416.6068,5000,0.0747,0.0876
escalation_only,10,10,4,4,False,0.1,0.2,0.7336,591.5377,3000,0.0935,0.0878
escalation_only,10,10,5,5,False,0.2,0.3,0.7269,462.2997,3000,0.0788,0.0874
escalation_only,10,10,6,6,False,0.3,0.3,0.6678,429.457,3000,0.0756,0.0875
escalation_only,10,10,7,6,True,0.3,0.3,0.665,421.439,5000,0.0742,0.0871
escalation_only,10,10,8,7,False,0.3,0.4,0.4696,627.7107,3000,0.0953,0.0877
escalation_only,10,10,9,8,False,0.4,0.6,0.4453,605.3483,3000,0.0931,0.0879
escalation_only,10,10,10,9,False,0.6,1.0,0.4057,482.009,3000,0.0795,0.0869
escalation_only,10,10,11,9,True,0.6,1.0,0.4402,540.9546,5000,0.0863,0.0875
escalation_only,50,50,0,1,False,0.0,0.0,1.0,1413.345,3000,0.2155,0.0926
escalation_only,50,50,1,2,False,0.0,0.1,1.0,1762.8207,3000,0.2372,0.0914
escalation_only,50,50,2,3,False,0.1,0.1,0.9857,1614.6077,3000,0.2298,0.0909
escalation_only,50,50,3,3,True,0.1,0.1,0.9855,1638.4278,5000,0.2386,0.0912
escalation_only,50,50,4,4,False,0.1,0.2,0.97,1974.7897,3000,0.2486,0.0914
escalation_only,50,50,5,5,False,0.2,0.3,0.9532,1793.7297,3000,0.233,0.0911
escalation_only,50,50,6,6,False,0.3,0.3,0.938,1782.3623,3000,0.2341,0.0917
escalation_only,50,50,7,6,True,0.3,0.3,0.9327,1637.0126,5000,0.2215,0.0914
escalation_only,50,50,8,7,False,0.3,0.4,0.8806,2183.842,3000,0.2661,0.0924
escalation_only,50,50,9,8,False,0.4,0.6,0.8394,2090.0517,3000,0.2577,0.0922
escalation_only,50,50,10,9,False,0.6,1.0,0.8033,1888.513,3000,0.2335,0.0915
escalation_only,50,50,11,9,True,0.6,1.0,0.8137,1980.028,5000,0.25,0.0929
escalation_only,100,100,0,1,False,0.0,0.0,1.0,2601.187,3000,0.4011,0.0942
escalation_only,100,100,1,2,False,0.0,0.1,1.0,3170.4597,3000,0.4214,0.0949
escalation_only,100,100,2,3,False,0.1,0.1,0.9964,2884.6043,3000,0.3965,0.0938
escalation_only,100,100,3,3,True,0.1,0.1,0.9967,2839.7576,5000,0.3807,0.0941
escalation_only,100,100,4,4,False,0.1,0.2,0.9891,3477.962,3000,0.4271,0.0944
escalation_only,100,100,5,5,False,0.2,0.3,0.9853,3154.385,3000,0.3963,0.0941
escalation_only,100,100,6,6,False,0.3,0.3,0.9793,3134.6527,3000,0.393,0.0947
escalation_only,100,100,7,6,True,0.3,0.3,0.9804,3166.957,5000,0.4009,0.0949
escalation_only,100,100,8,7,False,0.3,0.4,0.9469,3930.6497,3000,0.4681,0.0949
escalation_only,100,100,9,8,False,0.4,0.6,0.9252,3707.0667,3000,0.4416,0.0949
escalation_only,100,100,10,9,False,0.6,1.0,0.9167,3501.848,3000,0.4194,0.0945
escalation_only,100,100,11,9,True,0.6,1.0,0.9243,3711.6294,5000,0.4542,0.0954
escalation_only,200,200,0,1,False,0.0,0.0,1.0,4569.197,3000,0.6834,0.0968
escalation_only,200,200,1,2,False,0.0,0.1,1.0,5670.9477,3000,0.7155,0.0972
escalation_only,200,200,2,3,False,0.1,0.1,0.9993,5129.25,3000,0.6754,0.099
escalation_only,200,200,3,3,True,0.1,0.1,0.9992,5186.2832,5000,0.7071,0.0969
escalation_only,200,200,4,4,False,0.1,0.2,0.997,6286.4257,3000,0.7608,0.0978
escalation_only,200,200,5,5,False,0.2,0.3,0.9973,6159.7637,3000,0.7622,0.0979
escalation_only,200,200,6,6,False,0.3,0.3,0.9944,5622.8483,3000,0.709,0.099
escalation_only,200,200,7,6,True,0.3,0.3,0.9954,5925.9138,5000,0.7693,0.0972
escalation_only,200,200,8,7,False,0.3,0.4,0.981,6786.731,3000,0.7869,0.098
escalation_only,200,200,9,8,False,0.4,0.6,0.973,6705.6453,3000,0.7748,0.0994
escalation_only,200,200,10,9,False,0.6,1.0,0.9723,6626.715,3000,0.7742,0.0986
escalation_only,200,200,11,9,True,0.6,1.0,0.9727,6619.8096,5000,0.7958,0.099
escalation_only,500,500,0,1,False,0.0,0.0,1.0,9899.3727,3000,1.6028,0.107
escalation_only,500,500,1,2,False,0.0,0.1,1.0,12318.6623,3000,1.7202,0.112
escalation_only,500,500,2,3,False,0.1,0.1,0.9999,10952.6427,3000,1.6108,0.1095
escalation_only,500,500,3,3,True,0.1,0.1,0.9998,11018.1188,5000,1.5661,0.1072
escalation_only,500,500,4,4,False,0.1,0.2,0.9995,13905.8603,3000,1.7702,0.1049
escalation_only,500,500,5,5,False,0.2,0.3,0.9998,13281.287,3000,1.7582,0.1137
escalation_only,500,500,6,6,False,0.3,0.3,0.9993,11871.132,3000,1.597,0.1053
escalation_only,500,500,7,6,True,0.3,0.3,0.9993,12383.325,5000,1.6709,0.1045
escalation_only,500,500,8,7,False,0.3,0.4,0.9967,15170.09,3000,1.842,0.1101
escalation_only,500,500,9,8,False,0.4,0.6,0.9942,14566.1483,3000,1.7634,1.6321
escalation_only,500,500,10,9,False,0.6,1.0,0.9949,13999.2397,3000,1.7326,0.1057
escalation_only,500,500,11,9,True,0.6,1.0,0.995,14481.016,5000,1.8516,0.108
full,10,10,0,1,False,0.0,0.0,0.9489,369.0543,3000,0.3951,0.5214
full,10,10,1,2,False,0.0,0.1,0.907,486.306,3000,0.4445,0.5722
full,10,10,2,3,False,0.1,0.1,0.8555,414.3557,3000,0.4314,0.5142
full,10,10,3,3,True,0.1,0.1,0.8538,407.7672,5000,0.4306,0.5214
full,10,10,4,4,False,0.1,0.2,0.79,551.752,3000,0.4562,0.5863
full,10,10,5,5,False,0.2,0.3,0.754,457.146,3000,0.4407,0.5298
full,10,10,6,6,False,0.3,0.3,0.6986,434.1813,3000,0.4367,0.516
full,10,10,7,6,True,0.3,0.3,0.694,432.4002,5000,0.4333,0.5083
full,10,10,8,7,False,0.3,0.4,0.5924,587.4147,3000,0.4628,0.5979
full,10,10,9,8,False,0.4,0.6,0.5408,562.264,3000,0.4598,0.5294
full,10,10,10,9,False,0.6,1.0,0.4819,511.377,3000,0.4513,0.5539
full,10,10,11,9,True,0.6,1.0,0.4908,519.9762,5000,0.4541,0.5213
full,50,50,0,1,False,0.0,0.0,1.0,1419.4277,3000,0.632,0.5804
full,50,50,1,2,False,0.0,0.1,0.9998,1794.08,3000,0.6891,0.602
full,50,50,2,3,False,0.1,0.1,0.9856,1608.5187,3000,0.6597,0.562
full,50,50,3,3,True,0.1,0.1,0.9843,1579.97,5000,0.6605,0.5355
full,50,50,4,4,False,0.1,0.2,0.969,1893.664,3000,0.6985,0.6028
full,50,50,5,5,False,0.2,0.3,0.9547,1769.7777,3000,0.6786,0.586
full,50,50,6,6,False,0.3,0.3,0.939,1763.4043,3000,0.6749,0.5577
full,50,50,7,6,True,0.3,0.3,0.9383,1701.994,5000,0.6714,0.5376
full,50,50,8,7,False,0.3,0.4,0.8788,2042.7863,3000,0.7164,0.6063
full,50,50,9,8,False,0.4,0.6,0.8493,2054.6627,3000,0.7134,0.5685
full,50,50,10,9,False,0.6,1.0,0.8252,1983.559,3000,0.7023,0.5806
full,50,50,11,9,True,0.6,1.0,0.8258,1974.39,5000,0.7141,0.5609
full,100,100,0,1,False,0.0,0.0,1.0,2603.3747,3000,0.8464,0.5818
full,100,100,1,2,False,0.0,0.1,0.9998,3282.9703,3000,0.9326,0.6093
full,100,100,2,3,False,0.1,0.1,0.9968,2995.906,3000,0.905,0.5794
full,100,100,3,3,True,0.1,0.1,0.9967,2844.1682,5000,0.876,0.5587
full,100,100,4,4,False,0.1,0.2,0.9899,3628.0933,3000,0.9916,0.6205
full,100,100,5,5,False,0.2,0.3,0.9848,3137.4197,3000,0.9086,0.5627
full,100,100,6,6,False,0.3,0.3,0.9787,3027.2557,3000,0.8933,0.5667
full,100,100,7,6,True,0.3,0.3,0.9806,3091.7338,5000,0.9083,0.5484
full,100,100,8,7,False,0.3,0.4,0.9495,3962.328,3000,1.0455,0.6579
full,100,100,9,8,False,0.4,0.6,0.9275,3720.462,3000,1.0031,0.6123
full,100,100,10,9,False,0.6,1.0,0.9168,3479.8017,3000,0.9644,0.5972
full,100,100,11,9,True,0.6,1.0,0.9256,3712.289,5000,1.0059,0.591
full,200,200,0,1,False,0.0,0.0,1.0,4568.17,3000,1.3689,0.589
full,200,200,1,2,False,0.0,0.1,1.0,5592.975,3000,1.468,0.6096
full,200,200,2,3,False,0.1,0.1,0.9993,5111.5327,3000,1.3938,0.5962
full,200,200,3,3,True,0.1,0.1,0.9992,5332.973,5000,1.4819,0.5663
full,200,200,4,4,False,0.1,0.2,0.9972,6491.991,3000,1.5919,0.6277
full,200,200,5,5,False,0.2,0.3,0.9971,6038.943,3000,1.5268,0.6305
full,200,200,6,6,False,0.3,0.3,0.9944,5499.151,3000,1.4242,0.5873
full,200,200,7,6,True,0.3,0.3,0.9951,5638.961,5000,1.4997,0.5646
full,200,200,8,7,False,0.3,0.4,0.9828,7371.03,3000,1.7402,0.6722
full,200,200,9,8,False,0.4,0.6,0.975,7007.6837,3000,1.6703,0.6518
full,200,200,10,9,False,0.6,1.0,0.9715,6401.4407,3000,1.5543,0.623
full,200,200,11,9,True,0.6,1.0,0.9729,6602.0858,5000,1.6357,0.5886
full,500,500,0,1,False,0.0,0.0,1.0,9898.991,3000,2.7916,0.6388
full,500,500,1,2,False,0.0,0.1,1.0,12358.5253,3000,3.1612,0.6461
full,500,500,2,3,False,0.1,0.1,0.9999,11072.4883,3000,2.9489,0.6147
full,500,500,3,3,True,0.1,0.1,0.9998,11269.7038,5000,2.981,0.5926
full,500,500,4,4,False,0.1,0.2,0.9995,13839.9843,3000,3.3795,0.6493
full,500,500,5,5,False,0.2,0.3,0.9997,13337.186,3000,3.3515,0.6783
full,500,500,6,6,False,0.3,0.3,0.9993,11870.5647,3000,3.0285,0.5998
full,500,500,7,6,True,0.3,0.3,0.9993,12386.1816,5000,3.1802,0.6213
full,500,500,8,7,False,0.3,0.4,0.9969,15272.947,3000,3.6203,0.6596
full,500,500,9,8,False,0.4,0.6,0.9943,14642.0743,3000,3.4778,0.651
full,500,500,10,9,False,0.6,1.0,0.9953,14356.024,3000,3.4315,0.6398
full,500,500,11,9,True,0.6,1.0,0.9947,14302.1536,5000,3.4356,0.6124
no_adaptation,10,10,0,1,False,0.0,0.0,0.9041,241.946,3000,0.0408,0.0
no_adaptation,10,10,1,2,False,0.0,0.1,0.7895,343.244,3000,0.0476,0.0
no_adaptation,10,10,2,3,False,0.1,0.1,0.7731,275.1997,3000,0.0416,0.0
no_adaptation,10,10,3,3,True,0.1,0.1,0.7736,275.3758,5000,0.043,0.0
no_adaptation,10,10,4,4,False,0.1,0.2,0.5781,410.1553,3000,0.0534,0.0
no_adaptation,10,10,5,5,False,0.2,0.3,0.6494,321.9353,3000,0.0465,0.0
no_adaptation,10,10,6,6,False,0.3,0.3,0.5852,283.1917,3000,0.0434,0.0
no_adaptation,10,10,7,6,True,0.3,0.3,0.5838,282.7862,5000,0.0423,0.0
no_adaptation,10,10,8,7,False,0.3,0.4,0.313,442.9907,3000,0.0538,0.0
no_adaptation,10,10,9,8,False,0.4,0.6,0.3217,431.126,3000,0.0535,0.0
no_adaptation,10,10,10,9,False,0.6,1.0,0.3236,328.513,3000,0.0454,0.0
no_adaptation,10,10,11,9,True,0.6,1.0,0.3207,327.33,5000,0.0449,0.0
no_adaptation,50,50,0,1,False,0.0,0.0,1.0,851.9233,3000,0.1104,0.0
no_adaptation,50,50,1,2,False,0.0,0.1,0.9999,1061.4987,3000,0.1279,0.0
no_adaptation,50,50,2,3,False,0.1,0.1,0.975,969.1837,3000,0.1181,0.0
no_adaptation,50,50,3,3,True,0.1,0.1,0.9753,968.5626,5000,0.1214,0.0
no_adaptation,50,50,4,4,False,0.1,0.2,0.953,1184.7123,3000,0.1402,0.0
no_adaptation,50,50,5,5,False,0.2,0.3,0.9291,1084.1947,3000,0.1301,0.0
no_adaptation,50,50,6,6,False,0.3,0.3,0.8993,1032.8217,3000,0.1243,0.0
no_adaptation,50,50,7,6,True,0.3,0.3,0.9026,1034.5888,5000,0.1244,0.0
no_adaptation,50,50,8,7,False,0.3,0.4,0.8219,1317.2997,3000,0.1495,0.0
no_adaptation,50,50,9,8,False,0.4,0.6,0.7724,1296.6293,3000,0.1469,0.0
no_adaptation,50,50,10,9,False,0.6,1.0,0.729,1188.5997,3000,0.1364,0.0
no_adaptation,50,50,11,9,True,0.6,1.0,0.7293,1185.3376,5000,0.1357,0.0
no_adaptation,100,100,0,1,False,0.0,0.0,1.0,1532.696,3000,0.2059,0.0
no_adaptation,100,100,1,2,False,0.0,0.1,0.9999,1915.8037,3000,0.2345,0.0
no_adaptation,100,100,2,3,False,0.1,0.1,0.9946,1767.073,3000,0.2199,0.0
no_adaptation,100,100,3,3,True,0.1,0.1,0.9947,1765.7492,5000,0.214,0.0
no_adaptation,100,100,4,4,False,0.1,0.2,0.9832,2120.316,3000,0.2453,0.0
no_adaptation,100,100,5,5,False,0.2,0.3,0.9778,1985.125,3000,0.2308,0.0
no_adaptation,100,100,6,6,False,0.3,0.3,0.9681,1902.8323,3000,0.2235,0.0
no_adaptation,100,100,7,6,True,0.3,0.3,0.9695,1904.9042,5000,0.2234,0.0
no_adaptation,100,100,8,7,False,0.3,0.4,0.9172,2294.4727,3000,0.2579,0.0
no_adaptation,100,100,9,8,False,0.4,0.6,0.8928,2286.7863,3000,0.2546,0.0
no_adaptation,100,100,10,9,False,0.6,1.0,0.8787,2166.264,3000,0.2433,0.0
no_adaptation,100,100,11,9,True,0.6,1.0,0.8819,2162.0676,5000,0.2477,0.0
no_adaptation,200,200,0,1,False,0.0,0.0,1.0,2753.0787,3000,0.3776,0.0
no_adaptation,200,200,1,2,False,0.0,0.1,0.9999,3494.075,3000,0.4304,0.0
no_adaptation,200,200,2,3,False,0.1,0.1,0.9989,3215.4543,3000,0.4083,0.0
no_adaptation,200,200,3,3,True,0.1,0.1,0.9988,3213.3974,5000,0.3958,0.0
no_adaptation,200,200,4,4,False,0.1,0.2,0.9955,3886.986,3000,0.4479,0.0
no_adaptation,200,200,5,5,False,0.2,0.3,0.9951,3650.039,3000,0.4265,0.0
no_adaptation,200,200,6,6,False,0.3,0.3,0.9917,3500.515,3000,0.4147,0.0
no_adaptation,200,200,7,6,True,0.3,0.3,0.9925,3504.1322,5000,0.4265,0.0
no_adaptation,200,200,8,7,False,0.3,0.4,0.9702,4199.2107,3000,0.4865,0.0
no_adaptation,200,200,9,8,False,0.4,0.6,0.9605,4200.185,3000,0.4851,0.0
no_adaptation,200,200,10,9,False,0.6,1.0,0.9578,4026.977,3000,0.4659,0.0
no_adaptation,200,200,11,9,True,0.6,1.0,0.9576,4019.2912,5000,0.4645,0.0
no_adaptation,500,500,0,1,False,0.0,0.0,1.0,5921.8113,3000,0.8597,0.0
no_adaptation,500,500,1,2,False,0.0,0.1,0.9999,7699.7417,3000,0.9865,0.0
no_adaptation,500,500,2,3,False,0.1,0.1,0.9999,7016.1343,3000,0.9396,0.0
no_adaptation,500,500,3,3,True,0.1,0.1,0.9998,7006.368,5000,0.9076,0.0
no_adaptation,500,500,4,4,False,0.1,0.2,0.9992,8671.1847,3000,1.015,0.0
no_adaptation,500,500,5,5,False,0.2,0.3,0.9995,8085.2513,3000,0.9764,0.0
no_adaptation,500,500,6,6,False,0.3,0.3,0.9989,7721.6673,3000,0.9503,0.0
no_adaptation,500,500,7,6,True,0.3,0.3,0.9991,7727.1548,5000,0.9829,0.0
no_adaptation,500,500,8,7,False,0.3,0.4,0.9946,9436.1673,3000,1.0947,0.0
no_adaptation,500,500,9,8,False,0.4,0.6,0.992,9461.7087,3000,1.0928,0.0
no_adaptation,500,500,10,9,False,0.6,1.0,0.9926,9077.482,3000,1.0675,0.0
no_adaptation,500,500,11,9,True,0.6,1.0,0.9921,9050.763,5000,1.0341,0.0
pool_escalation,10,10,0,1,False,0.0,0.0,0.9514,375.275,3000,0.3965,0.4302
pool_escalation,10,10,1,2,False,0.0,0.1,0.9004,474.556,3000,0.4431,0.4539
pool_escalation,10,10,2,3,False,0.1,0.1,0.8572,414.114,3000,0.4313,0.4177
pool_escalation,10,10,3,3,True,0.1,0.1,0.856,413.344,5000,0.4303,0.4191
pool_escalation,10,10,4,4,False,0.1,0.2,0.7845,537.2063,3000,0.4548,0.4564
pool_escalation,10,10,5,5,False,0.2,0.3,0.748,446.7633,3000,0.4372,0.4328
pool_escalation,10,10,6,6,False,0.3,0.3,0.7052,441.757,3000,0.4384,0.4327
pool_escalation,10,10,7,6,True,0.3,0.3,0.7001,433.8786,5000,0.4353,0.4119
pool_escalation,10,10,8,7,False,0.3,0.4,0.5993,597.924,3000,0.4652,0.4671
pool_escalation,10,10,9,8,False,0.4,0.6,0.5514,583.395,3000,0.4624,0.4324
pool_escalation,10,10,10,9,False,0.6,1.0,0.4759,496.04,3000,0.4478,0.4216
pool_escalation,10,10,11,9,True,0.6,1.0,0.4868,507.7618,5000,0.4509,0.421
pool_escalation,50,50,0,1,False,0.0,0.0,1.0,1416.868,3000,0.6399,2.4352
pool_escalation,50,50,1,2,False,0.0,0.1,0.9999,1781.332,3000,0.7006,0.4982
pool_escalation,50,50,2,3,False,0.1,0.1,0.9859,1614.9947,3000,0.6697,0.4743
pool_escalation,50,50,3,3,True,0.1,0.1,0.986,1652.214,5000,0.6723,0.4399
pool_escalation,50,50,4,4,False,0.1,0.2,0.9693,1857.9937,3000,0.7114,0.4782
pool_escalation,50,50,5,5,False,0.2,0.3,0.9549,1780.4997,3000,0.6909,0.4751
pool_escalation,50,50,6,6,False,0.3,0.3,0.9348,1722.098,3000,0.68,0.4479
pool_escalation,50,50,7,6,True,0.3,0.3,0.9393,1721.4132,5000,0.6767,0.4416
pool_escalation,50,50,8,7,False,0.3,0.4,0.8825,2033.146,3000,0.7357,0.473
pool_escalation,50,50,9,8,False,0.4,0.6,0.8452,1999.1357,3000,0.7308,0.4682
pool_escalation,50,50,10,9,False,0.6,1.0,0.8234,1990.8783,3000,0.723,0.482
pool_escalation,50,50,11,9,True,0.6,1.0,0.8256,1984.9512,5000,0.7121,0.4421
pool_escalation,100,100,0,1,False,0.0,0.0,1.0,2603.339,3000,0.8636,0.4697
pool_escalation,100,100,1,2,False,0.0,0.1,1.0,3229.0333,3000,0.9464,0.4833
pool_escalation,100,100,2,3,False,0.1,0.1,0.9969,3003.4433,3000,0.9197,0.4805
pool_escalation,100,100,3,3,True,0.1,0.1,0.9967,2818.0752,5000,0.8881,0.4316
pool_escalation,100,100,4,4,False,0.1,0.2,0.9894,3528.9223,3000,0.9924,0.4791
pool_escalation,100,100,5,5,False,0.2,0.3,0.986,3276.631,3000,0.9519,0.4654
pool_escalation,100,100,6,6,False,0.3,0.3,0.9794,3083.0207,3000,0.9232,0.4449
pool_escalation,100,100,7,6,True,0.3,0.3,0.981,3188.4524,5000,0.9448,0.4495
pool_escalation,100,100,8,7,False,0.3,0.4,0.9484,3889.0403,3000,1.047,0.5042
pool_escalation,100,100,9,8,False,0.4,0.6,0.931,3818.0437,3000,1.0356,0.4958
pool_escalation,100,100,10,9,False,0.6,1.0,0.9187,3481.0857,3000,0.9744,0.4666
pool_escalation,100,100,11,9,True,0.6,1.0,0.9255,3672.9486,5000,1.0118,0.4541
pool_escalation,200,200,0,1,False,0.0,0.0,1.0,4568.2033,3000,1.3207,0.4716
pool_escalation,200,200,1,2,False,0.0,0.1,1.0,5595.4413,3000,1.4217,0.4623
pool_escalation,200,200,2,3,False,0.1,0.1,0.9993,5111.437,3000,1.3487,0.4695
pool_escalation,200,200,3,3,True,0.1,0.1,0.9992,5332.5926,5000,1.4111,0.452
pool_escalation,200,200,4,4,False,0.1,0.2,0.9971,6472.9257,3000,1.5339,0.4974
pool_escalation,200,200,5,5,False,0.2,0.3,0.9972,5928.004,3000,1.4553,0.483
pool_escalation,200,200,6,6,False,0.3,0.3,0.9946,5570.0437,3000,1.4186,0.4686
pool_escalation,200,200,7,6,True,0.3,0.3,0.9954,5886.5858,5000,1.5185,0.4576
pool_escalation,200,200,8,7,False,0.3,0.4,0.9818,6897.232,3000,1.6302,0.5225
pool_escalation,200,200,9,8,False,0.4,0.6,0.9746,6844.4657,3000,1.6208,0.506
pool_escalation,200,200,10,9,False,0.6,1.0,0.9749,6706.091,3000,1.6028,0.4945
pool_escalation,200,200,11,9,True,0.6,1.0,0.9728,6607.0888,5000,1.6148,0.4546
pool_escalation,500,500,0,1,False,0.0,0.0,1.0,9898.9963,3000,2.7568,0.4941
pool_escalation,500,500,1,2,False,0.0,0.1,1.0,12373.5047,3000,3.0954,0.5077
pool_escalation,500,500,2,3,False,0.1,0.1,0.9999,11050.136,3000,2.8514,0.484
pool_escalation,500,500,3,3,True,0.1,0.1,0.9998,11267.078,5000,2.9762,0.4676
pool_escalation,500,500,4,4,False,0.1,0.2,0.9995,13831.183,3000,3.3066,0.5116
pool_escalation,500,500,5,5,False,0.2,0.3,0.9997,13336.9117,3000,3.2874,0.5249
pool_escalation,500,500,6,6,False,0.3,0.3,0.9993,11870.3013,3000,2.956,0.4822
pool_escalation,500,500,7,6,True,0.3,0.3,0.9993,12385.6398,5000,3.1638,0.4714
pool_escalation,500,500,8,7,False,0.3,0.4,0.9969,15862.1393,3000,3.6796,0.5451
pool_escalation,500,500,9,8,False,0.4,0.6,0.9943,15115.578,3000,3.4851,0.5047
pool_escalation,500,500,10,9,False,0.6,1.0,0.9947,13886.643,3000,3.2335,0.48
pool_escalation,500,500,11,9,True,0.6,1.0,0.995,14521.9914,5000,3.4734,0.4792
pool_only,10,10,0,1,False,0.0,0.0,0.9113,239.4883,3000,0.3708,0.346
pool_only,10,10,1,2,False,0.0,0.1,0.8316,322.8273,3000,0.4206,0.4068
pool_only,10,10,2,3,False,0.1,0.1,0.7971,272.202,3000,0.41,0.3667
pool_only,10,10,3,3,True,0.1,0.1,0.7948,271.781,5000,0.4091,0.3355
pool_only,10,10,4,4,False,0.1,0.2,0.6823,371.381,3000,0.4324,0.4061
pool_only,10,10,5,5,False,0.2,0.3,0.6911,317.653,3000,0.418,0.3713
pool_only,10,10,6,6,False,0.3,0.3,0.6209,283.3627,3000,0.4141,0.3741
pool_only,10,10,7,6,True,0.3,0.3,0.6215,282.868,5000,0.4152,0.3335
pool_only,10,10,8,7,False,0.3,0.4,0.477,396.833,3000,0.4405,0.4097
pool_only,10,10,9,8,False,0.4,0.6,0.4511,391.193,3000,0.4387,0.3883
pool_only,10,10,10,9,False,0.6,1.0,0.4027,329.7203,3000,0.424,0.3715
pool_only,10,10,11,9,True,0.6,1.0,0.4009,328.4564,5000,0.4261,0.3392
pool_only,50,50,0,1,False,0.0,0.0,1.0,849.733,3000,0.5132,0.4047
pool_only,50,50,1,2,False,0.0,0.1,0.9999,1046.8153,3000,0.5449,0.4293
pool_only,50,50,2,3,False,0.1,0.1,0.9756,966.34,3000,0.5278,0.3818
pool_only,50,50,3,3,True,0.1,0.1,0.9759,965.7234,5000,0.533,0.3391
pool_only,50,50,4,4,False,0.1,0.2,0.9553,1157.596,3000,0.5664,0.4385
pool_only,50,50,5,5,False,0.2,0.3,0.9322,1078.0837,3000,0.5496,0.4006
pool_only,50,50,6,6,False,0.3,0.3,0.9025,1030.9563,3000,0.5404,0.3903
pool_only,50,50,7,6,True,0.3,0.3,0.906,1033.378,5000,0.5442,0.3446
pool_only,50,50,8,7,False,0.3,0.4,0.8353,1275.558,3000,0.5877,0.4338
pool_only,50,50,9,8,False,0.4,0.6,0.7902,1265.9783,3000,0.5847,0.4031
pool_only,50,50,10,9,False,0.6,1.0,0.7467,1188.1333,3000,0.5683,0.3913
pool_only,50,50,11,9,True,0.6,1.0,0.7471,1185.9512,5000,0.5734,0.3469
pool_only,100,100,0,1,False,0.0,0.0,1.0,1530.9427,3000,0.6504,0.4245
pool_only,100,100,1,2,False,0.0,0.1,0.9999,1902.506,3000,0.7074,0.4404
pool_only,100,100,2,3,False,0.1,0.1,0.9946,1764.2923,3000,0.6872,0.407
pool_only,100,100,3,3,True,0.1,0.1,0.9948,1763.0544,5000,0.6901,0.3657
pool_only,100,100,4,4,False,0.1,0.2,0.9834,2099.0523,3000,0.737,1.2706
pool_only,100,100,5,5,False,0.2,0.3,0.9785,1979.9387,3000,0.7171,0.4068
pool_only,100,100,6,6,False,0.3,0.3,0.9689,1900.9467,3000,0.7043,0.4128
pool_only,100,100,7,6,True,0.3,0.3,0.97,1903.099,5000,0.7046,0.3548
pool_only,100,100,8,7,False,0.3,0.4,0.9199,2259.6107,3000,0.7597,0.4512
pool_only,100,100,9,8,False,0.4,0.6,0.8962,2262.9527,3000,0.7575,0.4212
pool_only,100,100,10,9,False,0.6,1.0,0.8825,2163.6743,3000,0.7401,0.4097
pool_only,100,100,11,9,True,0.6,1.0,0.8849,2160.254,5000,0.7412,0.367
pool_only,200,200,0,1,False,0.0,0.0,1.0,2751.8593,3000,0.9034,0.4296
pool_only,200,200,1,2,False,0.0,0.1,0.9999,3483.4647,3000,1.0046,0.446
pool_only,200,200,2,3,False,0.1,0.1,0.9989,3213.3473,3000,0.9685,0.3998
pool_only,200,200,3,3,True,0.1,0.1,0.9988,3211.3522,5000,0.9543,0.3584
pool_only,200,200,4,4,False,0.1,0.2,0.9956,3869.4697,3000,1.0639,0.4666
pool_only,200,200,5,5,False,0.2,0.3,0.9951,3645.7173,3000,1.0263,0.4169
pool_only,200,200,6,6,False,0.3,0.3,0.9918,3498.955,3000,1.0048,0.4154
pool_only,200,200,7,6,True,0.3,0.3,0.9925,3502.585,5000,0.9877,0.356
pool_only,200,200,8,7,False,0.3,0.4,0.9708,4174.0583,3000,1.1054,0.4568
pool_only,200,200,9,8,False,0.4,0.6,0.9611,4181.349,3000,1.1021,0.425
pool_only,200,200,10,9,False,0.6,1.0,0.9584,4024.2683,3000,1.0725,0.418
pool_only,200,200,11,9,True,0.6,1.0,0.9581,4016.3746,5000,1.0567,0.36
pool_only,500,500,0,1,False,0.0,0.0,1.0,5921.0963,3000,1.659,0.4661
pool_only,500,500,1,2,False,0.0,0.1,0.9999,7693.255,3000,1.9105,0.4752
pool_only,500,500,2,3,False,0.1,0.1,0.9999,7015.0347,3000,1.8177,0.4305
pool_only,500,500,3,3,True,0.1,0.1,0.9998,7005.315,5000,1.8564,0.396
pool_only,500,500,4,4,False,0.1,0.2,0.9992,8658.555,3000,2.0366,0.4876
pool_only,500,500,5,5,False,0.2,0.3,0.9995,8082.5557,3000,1.9516,0.4461
pool_only,500,500,6,6,False,0.3,0.3,0.9989,7720.774,3000,1.9018,0.4464
pool_only,500,500,7,6,True,0.3,0.3,0.9991,7726.2696,5000,1.9421,0.3883
pool_only,500,500,8,7,False,0.3,0.4,0.9947,9418.396,3000,2.1462,0.4996
pool_only,500,500,9,8,False,0.4,0.6,0.9921,9447.4427,3000,2.1523,0.4586
pool_only,500,500,10,9,False,0.6,1.0,0.9927,9075.0803,3000,2.096,0.4529
pool_only,500,500,11,9,True,0.6,1.0,0.9922,9048.3008,5000,2.1357,0.3817
pool_rewire,10,10,0,1,False,0.0,0.0,0.9122,239.472,3000,0.367,0.4164
pool_rewire,10,10,1,2,False,0.0,0.1,0.8307,322.1287,3000,0.4191,0.4863
pool_rewire,10,10,2,3,False,0.1,0.1,0.795,272.599,3000,0.4062,0.4327
pool_rewire,10,10,3,3,True,0.1,0.1,0.7945,272.8058,5000,0.4085,0.4148
pool_rewire,10,10,4,4,False,0.1,0.2,0.6778,367.6297,3000,0.4278,0.4982
pool_rewire,10,10,5,5,False,0.2,0.3,0.6873,317.6607,3000,0.4159,0.4633
pool_rewire,10,10,6,6,False,0.3,0.3,0.6177,286.9877,3000,0.4103,0.4551
pool_rewire,10,10,7,6,True,0.3,0.3,0.617,287.39,5000,0.4119,0.4271
pool_rewire,10,10,8,7,False,0.3,0.4,0.4755,390.806,3000,0.4362,0.5146
pool_rewire,10,10,9,8,False,0.4,0.6,0.4539,385.99,3000,0.4353,0.5101
pool_rewire,10,10,10,9,False,0.6,1.0,0.4033,333.3547,3000,0.4218,0.4747
pool_rewire,10,10,11,9,True,0.6,1.0,0.3998,332.1928,5000,0.4227,0.4423
pool_rewire,50,50,0,1,False,0.0,0.0,1.0,849.8537,3000,0.5223,0.4966
pool_rewire,50,50,1,2,False,0.0,0.1,0.9997,1045.703,3000,0.5563,0.5309
pool_rewire,50,50,2,3,False,0.1,0.1,0.9755,967.226,3000,0.537,0.4743
pool_rewire,50,50,3,3,True,0.1,0.1,0.9759,966.8096,5000,0.5375,0.4317
pool_rewire,50,50,4,4,False,0.1,0.2,0.9537,1154.7117,3000,0.5746,0.5346
pool_rewire,50,50,5,5,False,0.2,0.3,0.932,1080.466,3000,0.5596,0.4866
pool_rewire,50,50,6,6,False,0.3,0.3,0.9033,1033.747,3000,0.5518,0.4768
pool_rewire,50,50,7,6,True,0.3,0.3,0.9062,1036.3118,5000,0.5518,0.4548
pool_rewire,50,50,8,7,False,0.3,0.4,0.8322,1268.4407,3000,0.5937,0.538
pool_rewire,50,50,9,8,False,0.4,0.6,0.7878,1261.067,3000,0.5925,0.5134
pool_rewire,50,50,10,9,False,0.6,1.0,0.7477,1192.6197,3000,0.58,0.4989
pool_rewire,50,50,11,9,True,0.6,1.0,0.7487,1190.8382,5000,0.5792,0.4551
pool_rewire,100,100,0,1,False,0.0,0.0,1.0,1531.0527,3000,0.6416,0.5139
pool_rewire,100,100,1,2,False,0.0,0.1,0.9999,1901.944,3000,0.6965,0.546
pool_rewire,100,100,2,3,False,0.1,0.1,0.9946,1764.8783,3000,0.6765,0.5032
pool_rewire,100,100,3,3,True,0.1,0.1,0.9947,1763.6142,5000,0.6801,0.4469
pool_rewire,100,100,4,4,False,0.1,0.2,0.9833,2095.1467,3000,0.7118,0.5357
pool_rewire,100,100,5,5,False,0.2,0.3,0.9782,1981.0087,3000,0.6909,0.4871
pool_rewire,100,100,6,6,False,0.3,0.3,0.9687,1902.81,3000,0.6829,0.4845
pool_rewire,100,100,7,6,True,0.3,0.3,0.9699,1904.4272,5000,0.6975,0.4475
pool_rewire,100,100,8,7,False,0.3,0.4,0.9186,2255.618,3000,0.7409,0.5518
pool_rewire,100,100,9,8,False,0.4,0.6,0.8964,2258.1047,3000,0.7399,0.5132
pool_rewire,100,100,10,9,False,0.6,1.0,0.8822,2168.0637,3000,0.7257,0.5105
pool_rewire,100,100,11,9,True,0.6,1.0,0.8853,2164.356,5000,0.7387,0.4821
pool_rewire,200,200,0,1,False,0.0,0.0,1.0,2751.9167,3000,0.9145,0.5285
pool_rewire,200,200,1,2,False,0.0,0.1,0.9999,3482.906,3000,0.997,0.5495
pool_rewire,200,200,2,3,False,0.1,0.1,0.9989,3213.742,3000,0.9602,0.4968
pool_rewire,200,200,3,3,True,0.1,0.1,0.9989,3211.7356,5000,0.9638,0.4625
pool_rewire,200,200,4,4,False,0.1,0.2,0.9955,3868.471,3000,1.0513,0.5678
pool_rewire,200,200,5,5,False,0.2,0.3,0.9951,3645.8497,3000,1.0181,0.5184
pool_rewire,200,200,6,6,False,0.3,0.3,0.9918,3500.2227,3000,0.9957,0.5094
pool_rewire,200,200,7,6,True,0.3,0.3,0.9925,3503.4826,5000,0.9966,0.4595
pool_rewire,200,200,8,7,False,0.3,0.4,0.9705,4172.174,3000,1.0927,0.5677
pool_rewire,200,200,9,8,False,0.4,0.6,0.961,4178.4337,3000,1.0931,0.5359
pool_rewire,200,200,10,9,False,0.6,1.0,0.9585,4026.9767,3000,1.0678,0.5319
pool_rewire,200,200,11,9,True,0.6,1.0,0.9582,4018.611,5000,1.0665,0.484
pool_rewire,500,500,0,1,False,0.0,0.0,1.0,5921.1667,3000,1.6655,0.5541
pool_rewire,500,500,1,2,False,0.0,0.1,0.9999,7692.9767,3000,1.907,0.5779
pool_rewire,500,500,2,3,False,0.1,0.1,0.9998,7015.2033,3000,1.8071,0.523
pool_rewire,500,500,3,3,True,0.1,0.1,0.9998,7005.3746,5000,1.8186,0.4799
pool_rewire,500,500,4,4,False,0.1,0.2,0.9992,8658.6217,3000,2.0465,0.6124
pool_rewire,500,500,5,5,False,0.2,0.3,0.9995,8082.713,3000,1.9685,0.5539
pool_rewire,500,500,6,6,False,0.3,0.3,0.999,7721.165,3000,1.9178,0.5535
pool_rewire,500,500,7,6,True,0.3,0.3,0.9991,7726.7882,5000,1.9247,0.4906
pool_rewire,500,500,8,7,False,0.3,0.4,0.9947,9417.2593,3000,2.1538,0.6192
pool_rewire,500,500,9,8,False,0.4,0.6,0.9921,9446.7207,3000,2.1573,0.5617
pool_rewire,500,500,10,9,False,0.6,1.0,0.9927,9076.7537,3000,2.1071,0.5624
pool_rewire,500,500,11,9,True,0.6,1.0,0.9922,9049.9372,5000,2.1051,0.4938
rewire_escalation,10,10,0,1,False,0.0,0.0,0.9398,363.333,3000,0.0702,0.194
rewire_escalation,10,10,1,2,False,0.0,0.1,0.8804,501.2233,3000,0.0845,0.2187
rewire_escalation,10,10,2,3,False,0.1,0.1,0.8427,420.895,3000,0.0753,0.1969
rewire_escalation,10,10,3,3,True,0.1,0.1,0.8422,426.4512,5000,0.0764,0.209
rewire_escalation,10,10,4,4,False,0.1,0.2,0.7198,563.6757,3000,0.0892,0.2222
rewire_escalation,10,10,5,5,False,0.2,0.3,0.7349,480.9633,3000,0.0814,0.2178
rewire_escalation,10,10,6,6,False,0.3,0.3,0.6664,436.0173,3000,0.0768,0.2046
rewire_escalation,10,10,7,6,True,0.3,0.3,0.6694,440.8,5000,0.0774,0.2096
rewire_escalation,10,10,8,7,False,0.3,0.4,0.5143,647.771,3000,0.0979,0.2312
rewire_escalation,10,10,9,8,False,0.4,0.6,0.4615,606.9713,3000,0.0932,0.2293
rewire_escalation,10,10,10,9,False,0.6,1.0,0.4216,513.174,3000,0.0843,0.216
rewire_escalation,10,10,11,9,True,0.6,1.0,0.4307,533.111,5000,0.0875,0.2212
rewire_escalation,50,50,0,1,False,0.0,0.0,1.0,1416.4473,3000,0.2193,0.2176
rewire_escalation,50,50,1,2,False,0.0,0.1,0.9999,1803.533,3000,0.258,0.229
rewire_escalation,50,50,2,3,False,0.1,0.1,0.9849,1575.022,3000,0.2293,0.2164
rewire_escalation,50,50,3,3,True,0.1,0.1,0.9841,1586.0244,5000,0.2314,0.2167
rewire_escalation,50,50,4,4,False,0.1,0.2,0.9688,1960.3893,3000,0.2669,0.2287
rewire_escalation,50,50,5,5,False,0.2,0.3,0.9534,1778.9773,3000,0.2482,0.2259
rewire_escalation,50,50,6,6,False,0.3,0.3,0.9327,1689.5157,3000,0.2392,0.2169
rewire_escalation,50,50,7,6,True,0.3,0.3,0.935,1686.6292,5000,0.2382,0.2114
rewire_escalation,50,50,8,7,False,0.3,0.4,0.8785,2167.868,3000,0.2772,0.2429
rewire_escalation,50,50,9,8,False,0.4,0.6,0.8322,2026.1827,3000,0.2589,0.2201
rewire_escalation,50,50,10,9,False,0.6,1.0,0.8101,1950.0083,3000,0.2521,0.2248
rewire_escalation,50,50,11,9,True,0.6,1.0,0.8238,2084.1918,5000,0.2685,0.2383
rewire_escalation,100,100,0,1,False,0.0,0.0,1.0,2615.3717,3000,0.391,0.2178
rewire_escalation,100,100,1,2,False,0.0,0.1,0.9999,3188.878,3000,0.4089,0.224
rewire_escalation,100,100,2,3,False,0.1,0.1,0.9964,2830.0543,3000,0.3831,0.2136
rewire_escalation,100,100,3,3,True,0.1,0.1,0.9967,2837.821,5000,0.3919,0.2096
rewire_escalation,100,100,4,4,False,0.1,0.2,0.9894,3560.782,3000,0.4349,0.2253
rewire_escalation,100,100,5,5,False,0.2,0.3,0.9852,3159.9343,3000,0.3949,0.2107
rewire_escalation,100,100,6,6,False,0.3,0.3,0.9788,3067.3057,3000,0.391,0.2135
rewire_escalation,100,100,7,6,True,0.3,0.3,0.9799,3097.838,5000,0.3961,0.2151
rewire_escalation,100,100,8,7,False,0.3,0.4,0.9475,3941.277,3000,0.4625,0.2355
rewire_escalation,100,100,9,8,False,0.4,0.6,0.9242,3625.985,3000,0.4314,0.2204
rewire_escalation,100,100,10,9,False,0.6,1.0,0.9149,3456.7487,3000,0.4148,0.2128
rewire_escalation,100,100,11,9,True,0.6,1.0,0.9249,3742.7834,5000,0.4435,0.2255
rewire_escalation,200,200,0,1,False,0.0,0.0,1.0,4536.529,3000,0.7086,0.2404
rewire_escalation,200,200,1,2,False,0.0,0.1,1.0,5661.0683,3000,0.7419,0.2333
rewire_escalation,200,200,2,3,False,0.1,0.1,0.9993,5105.7277,3000,0.6998,0.2215
rewire_escalation,200,200,3,3,True,0.1,0.1,0.9992,5186.8108,5000,0.7367,0.2208
rewire_escalation,200,200,4,4,False,0.1,0.2,0.9968,6397.0133,3000,0.7933,0.2388
rewire_escalation,200,200,5,5,False,0.2,0.3,0.9971,6081.783,3000,0.7742,0.2332
rewire_escalation,200,200,6,6,False,0.3,0.3,0.9944,5481.551,3000,0.7137,0.2212
rewire_escalation,200,200,7,6,True,0.3,0.3,0.9953,5756.1752,5000,0.771,0.2271
rewire_escalation,200,200,8,7,False,0.3,0.4,0.9821,7267.836,3000,0.8621,0.2449
rewire_escalation,200,200,9,8,False,0.4,0.6,0.9732,6666.515,3000,0.7897,0.2337
rewire_escalation,200,200,10,9,False,0.6,1.0,0.9733,6582.425,3000,0.7944,0.2496
rewire_escalation,200,200,11,9,True,0.6,1.0,0.9728,6629.5148,5000,0.8203,1.6798
rewire_escalation,500,500,0,1,False,0.0,0.0,1.0,9899.475,3000,1.5263,0.2256
rewire_escalation,500,500,1,2,False,0.0,0.1,1.0,12318.06,3000,1.6351,0.2304
rewire_escalation,500,500,2,3,False,0.1,0.1,0.9999,10952.9423,3000,1.5216,0.2279
rewire_escalation,500,500,3,3,True,0.1,0.1,0.9998,11020.8552,5000,1.5798,0.2256
rewire_escalation,500,500,4,4,False,0.1,0.2,0.9995,13984.781,3000,1.7916,0.2378
rewire_escalation,500,500,5,5,False,0.2,0.3,0.9998,13281.6107,3000,1.7743,0.2432
rewire_escalation,500,500,6,6,False,0.3,0.3,0.9993,12592.6003,3000,1.7255,0.253
rewire_escalation,500,500,7,6,True,0.3,0.3,0.9993,12571.6878,5000,1.7158,0.2372
rewire_escalation,500,500,8,7,False,0.3,0.4,0.9967,15167.155,3000,1.8552,0.2445
rewire_escalation,500,500,9,8,False,0.4,0.6,0.994,14078.9013,3000,1.7102,0.2282
rewire_escalation,500,500,10,9,False,0.6,1.0,0.995,14131.576,3000,1.7559,0.2354
rewire_escalation,500,500,11,9,True,0.6,1.0,0.9947,14372.7746,5000,1.7976,0.253
rewire_only,10,10,0,1,False,0.0,0.0,0.9032,242.5,3000,0.0521,0.166
rewire_only,10,10,1,2,False,0.0,0.1,0.79,340.5233,3000,0.0617,0.1947
rewire_only,10,10,2,3,False,0.1,0.1,0.7709,276.6243,3000,0.0554,0.1744
rewire_only,10,10,3,3,True,0.1,0.1,0.7726,277.9416,5000,0.0566,0.1829
rewire_only,10,10,4,4,False,0.1,0.2,0.5814,400.0493,3000,0.0673,0.2023
rewire_only,10,10,5,5,False,0.2,0.3,0.6457,323.6553,3000,0.0593,0.1848
rewire_only,10,10,6,6,False,0.3,0.3,0.5789,289.3927,3000,0.0555,0.1789
rewire_only,10,10,7,6,True,0.3,0.3,0.5796,289.5894,5000,0.0573,0.7896
rewire_only,10,10,8,7,False,0.3,0.4,0.3347,425.491,3000,0.0698,0.2023
rewire_only,10,10,9,8,False,0.4,0.6,0.3313,415.492,3000,0.0685,0.1939
rewire_only,10,10,10,9,False,0.6,1.0,0.3228,334.965,3000,0.0601,0.1873
rewire_only,10,10,11,9,True,0.6,1.0,0.3202,336.048,5000,0.0607,0.1918
rewire_only,50,50,0,1,False,0.0,0.0,0.9999,852.0887,3000,0.1335,0.1896
rewire_only,50,50,1,2,False,0.0,0.1,0.9995,1060.247,3000,0.1538,0.2022
rewire_only,50,50,2,3,False,0.1,0.1,0.975,970.7943,3000,0.1433,0.1855
rewire_only,50,50,3,3,True,0.1,0.1,0.9753,970.2444,5000,0.1434,0.1886
rewire_only,50,50,4,4,False,0.1,0.2,0.9512,1176.911,3000,0.1634,0.2061
rewire_only,50,50,5,5,False,0.2,0.3,0.9292,1085.9077,3000,0.1546,0.1929
rewire_only,50,50,6,6,False,0.3,0.3,0.8994,1037.422,3000,0.148,0.1913
rewire_only,50,50,7,6,True,0.3,0.3,0.9028,1039.38,5000,0.1485,0.1927
rewire_only,50,50,8,7,False,0.3,0.4,0.8191,1300.0967,3000,0.1742,0.2051
rewire_only,50,50,9,8,False,0.4,0.6,0.7704,1284.5507,3000,0.1727,0.1971
rewire_only,50,50,10,9,False,0.6,1.0,0.7302,1196.5923,3000,0.1629,0.1956
rewire_only,50,50,11,9,True,0.6,1.0,0.7316,1195.0244,5000,0.163,0.1971
rewire_only,100,100,0,1,False,0.0,0.0,1.0,1532.8383,3000,0.2309,0.1977
rewire_only,100,100,1,2,False,0.0,0.1,0.9998,1914.3337,3000,0.2664,0.2055
rewire_only,100,100,2,3,False,0.1,0.1,0.9945,1768.103,3000,0.2506,0.1937
rewire_only,100,100,3,3,True,0.1,0.1,0.9947,1766.849,5000,0.2507,0.1954
rewire_only,100,100,4,4,False,0.1,0.2,0.9829,2114.7857,3000,0.2802,0.2177
rewire_only,100,100,5,5,False,0.2,0.3,0.9779,1986.4883,3000,0.27,0.2036
rewire_only,100,100,6,6,False,0.3,0.3,0.9681,1906.7927,3000,0.2591,0.2013
rewire_only,100,100,7,6,True,0.3,0.3,0.9694,1908.4682,5000,0.2673,0.2077
rewire_only,100,100,8,7,False,0.3,0.4,0.9161,2282.0787,3000,0.3008,0.226
rewire_only,100,100,9,8,False,0.4,0.6,0.8929,2277.1233,3000,0.301,0.2105
rewire_only,100,100,10,9,False,0.6,1.0,0.8786,2172.206,3000,0.2888,0.206
rewire_only,100,100,11,9,True,0.6,1.0,0.8817,2167.8162,5000,0.2883,0.209
rewire_only,200,200,0,1,False,0.0,0.0,1.0,2753.211,3000,0.4175,0.2041
rewire_only,200,200,1,2,False,0.0,0.1,0.9999,3492.877,3000,0.4433,0.2112
rewire_only,200,200,2,3,False,0.1,0.1,0.9989,3215.9503,3000,0.4179,0.195
rewire_only,200,200,3,3,True,0.1,0.1,0.9989,3214.2176,5000,0.4196,0.1984
rewire_only,200,200,4,4,False,0.1,0.2,0.9955,3882.9767,3000,0.468,0.2108
rewire_only,200,200,5,5,False,0.2,0.3,0.9951,3650.6517,3000,0.4441,0.1998
rewire_only,200,200,6,6,False,0.3,0.3,0.9917,3502.914,3000,0.4362,0.2073
rewire_only,200,200,7,6,True,0.3,0.3,0.9925,3506.3944,5000,0.4371,0.2004
rewire_only,200,200,8,7,False,0.3,0.4,0.9699,4190.2587,3000,0.492,0.2146
rewire_only,200,200,9,8,False,0.4,0.6,0.9603,4194.7933,3000,0.4914,0.2103
rewire_only,200,200,10,9,False,0.6,1.0,0.9577,4030.9567,3000,0.473,0.2146
rewire_only,200,200,11,9,True,0.6,1.0,0.9576,4024.128,5000,0.4728,0.2069
rewire_only,500,500,0,1,False,0.0,0.0,1.0,5921.8733,3000,0.9123,0.2103
rewire_only,500,500,1,2,False,0.0,0.1,0.9999,7698.9567,3000,0.9992,0.2163
rewire_only,500,500,2,3,False,0.1,0.1,0.9998,7016.6743,3000,0.9565,0.2002
rewire_only,500,500,3,3,True,0.1,0.1,0.9998,7006.843,5000,0.926,0.2043
rewire_only,500,500,4,4,False,0.1,0.2,0.9992,8668.6837,3000,1.0328,0.2207
rewire_only,500,500,5,5,False,0.2,0.3,0.9995,8085.8077,3000,0.9946,0.2081
rewire_only,500,500,6,6,False,0.3,0.3,0.9989,7722.8633,3000,0.9717,0.2082
rewire_only,500,500,7,6,True,0.3,0.3,0.9991,7728.292,5000,0.9963,0.2097
rewire_only,500,500,8,7,False,0.3,0.4,0.9946,9432.0373,3000,1.1154,1.4631
rewire_only,500,500,9,8,False,0.4,0.6,0.992,9458.0183,3000,1.1173,0.2309
rewire_only,500,500,10,9,False,0.6,1.0,0.9926,9079.7193,3000,1.0896,0.2195
rewire_only,500,500,11,9,True,0.6,1.0,0.9921,9053.565,5000,1.085,0.2176
static_ef_escalated,10,30,0,1,False,0.0,0.0,1.0,554.2733,3000,0.0795,0.0
static_ef_escalated,10,30,1,2,False,0.0,0.1,0.9999,704.49,3000,0.0925,0.0
static_ef_escalated,10,30,2,3,False,0.1,0.1,0.9424,625.9143,3000,0.0839,0.0
static_ef_escalated,10,30,3,3,True,0.1,0.1,0.9414,626.0794,5000,0.0836,0.0
static_ef_escalated,10,30,4,4,False,0.1,0.2,0.9207,814.0237,3000,0.1008,0.0
static_ef_escalated,10,30,5,5,False,0.2,0.3,0.8622,704.3697,3000,0.0917,0.0
static_ef_escalated,10,30,6,6,False,0.3,0.3,0.806,665.3147,3000,0.0874,0.0
static_ef_escalated,10,30,7,6,True,0.3,0.3,0.8078,666.1132,5000,0.0868,0.0
static_ef_escalated,10,30,8,7,False,0.3,0.4,0.7437,952.132,3000,0.1136,0.0
static_ef_escalated,10,30,9,8,False,0.4,0.6,0.6642,908.752,3000,0.1076,0.0
static_ef_escalated,10,30,10,9,False,0.6,1.0,0.5727,785.965,3000,0.0969,0.0
static_ef_escalated,10,30,11,9,True,0.6,1.0,0.5731,784.0806,5000,0.0928,0.0
static_ef_escalated,50,150,0,1,False,0.0,0.0,1.0,2160.4087,3000,0.2912,0.0
static_ef_escalated,50,150,1,2,False,0.0,0.1,1.0,2722.1867,3000,0.3344,0.0
static_ef_escalated,50,150,2,3,False,0.1,0.1,0.9981,2510.5467,3000,0.3152,0.0
static_ef_escalated,50,150,3,3,True,0.1,0.1,0.9979,2507.9758,5000,0.3069,0.0
static_ef_escalated,50,150,4,4,False,0.1,0.2,0.9919,3019.6123,3000,0.3476,0.0
static_ef_escalated,50,150,5,5,False,0.2,0.3,0.9904,2836.0167,3000,0.3298,0.0
static_ef_escalated,50,150,6,6,False,0.3,0.3,0.9852,2720.631,3000,0.319,0.0
static_ef_escalated,50,150,7,6,True,0.3,0.3,0.9858,2722.521,5000,0.3198,0.0
static_ef_escalated,50,150,8,7,False,0.3,0.4,0.9526,3258.6147,3000,0.3651,0.0
static_ef_escalated,50,150,9,8,False,0.4,0.6,0.9379,3256.909,3000,0.362,0.0
static_ef_escalated,50,150,10,9,False,0.6,1.0,0.9327,3111.635,3000,0.3469,0.0
static_ef_escalated,50,150,11,9,True,0.6,1.0,0.9334,3105.9206,5000,0.3467,0.0
static_ef_escalated,100,300,0,1,False,0.0,0.0,1.0,3868.372,3000,0.5308,0.0
static_ef_escalated,100,300,1,2,False,0.0,0.1,1.0,4962.0347,3000,0.6051,0.0
static_ef_escalated,100,300,2,3,False,0.1,0.1,0.9995,4549.7713,3000,0.5748,0.0
static_ef_escalated,100,300,3,3,True,0.1,0.1,0.9995,4545.7312,5000,0.576,0.0
static_ef_escalated,100,300,4,4,False,0.1,0.2,0.9978,5551.5547,3000,0.6438,0.0
static_ef_escalated,100,300,5,5,False,0.2,0.3,0.9979,5198.35,3000,0.6194,0.0
static_ef_escalated,100,300,6,6,False,0.3,0.3,0.9967,4979.983,3000,0.6017,0.0
static_ef_escalated,100,300,7,6,True,0.3,0.3,0.9969,4984.5558,5000,0.6009,0.0
static_ef_escalated,100,300,8,7,False,0.3,0.4,0.9858,6012.311,3000,0.6731,0.0
static_ef_escalated,100,300,9,8,False,0.4,0.6,0.9804,6021.099,3000,0.6704,0.0
static_ef_escalated,100,300,10,9,False,0.6,1.0,0.9796,5782.0323,3000,0.6498,0.0
static_ef_escalated,100,300,11,9,True,0.6,1.0,0.9795,5767.3414,5000,0.6341,0.0
static_ef_escalated,200,600,0,1,False,0.0,0.0,1.0,6891.761,3000,0.9686,0.0
static_ef_escalated,200,600,1,2,False,0.0,0.1,1.0,8996.4073,3000,1.1167,0.0
static_ef_escalated,200,600,2,3,False,0.1,0.1,0.9999,8179.333,3000,1.0633,0.0
static_ef_escalated,200,600,3,3,True,0.1,0.1,0.9998,8168.1358,5000,1.0613,0.0
static_ef_escalated,200,600,4,4,False,0.1,0.2,0.9995,10154.923,3000,1.188,0.0
static_ef_escalated,200,600,5,5,False,0.2,0.3,0.9996,9453.704,3000,1.1446,0.0
static_ef_escalated,200,600,6,6,False,0.3,0.3,0.9993,9018.7227,3000,1.1161,0.0
static_ef_escalated,200,600,7,6,True,0.3,0.3,0.9993,9023.301,5000,1.1608,0.0
static_ef_escalated,200,600,8,7,False,0.3,0.4,0.9963,11072.1073,3000,1.2862,0.0
static_ef_escalated,200,600,9,8,False,0.4,0.6,0.9945,11105.0037,3000,1.2874,0.0
static_ef_escalated,200,600,10,9,False,0.6,1.0,0.995,10647.225,3000,1.2562,0.0
static_ef_escalated,200,600,11,9,True,0.6,1.0,0.9947,10614.0024,5000,1.2502,0.0
static_ef_escalated,500,1500,0,1,False,0.0,0.0,1.0,14704.1373,3000,2.2847,0.0
static_ef_escalated,500,1500,1,2,False,0.0,0.1,1.0,19503.3463,3000,2.6707,0.0
static_ef_escalated,500,1500,2,3,False,0.1,0.1,0.9999,17546.0167,3000,2.5252,0.0
static_ef_escalated,500,1500,3,3,True,0.1,0.1,0.9999,17515.9992,5000,2.5278,0.0
static_ef_escalated,500,1500,4,4,False,0.1,0.2,1.0,22213.892,3000,2.8586,0.0
static_ef_escalated,500,1500,5,5,False,0.2,0.3,1.0,20513.096,3000,2.7437,0.0
static_ef_escalated,500,1500,6,6,False,0.3,0.3,0.9999,19459.336,3000,2.6712,0.0
static_ef_escalated,500,1500,7,6,True,0.3,0.3,1.0,19457.7106,5000,2.7633,0.0
static_ef_escalated,500,1500,8,7,False,0.3,0.4,0.9996,24446.9337,3000,3.0913,0.0
static_ef_escalated,500,1500,9,8,False,0.4,0.6,0.9993,24540.7497,3000,3.092,0.0
static_ef_escalated,500,1500,10,9,False,0.6,1.0,0.9994,23406.075,3000,3.0278,0.0
static_ef_escalated,500,1500,11,9,True,0.6,1.0,0.9992,23321.5344,5000,3.0246,0.0
