condition,drift_detected,ef_search,epoch_idx,mean_eh,mean_latency_ms,mmd_squared,n_conjugate_edges,n_index_rebuilds,n_promoted_nodes,n_upper_rewire_edges,per_query_recall_std,queries_per_second,recall_at_k,repair_happened
adaptive_mconj48,False,32,0,0.5954839972224422,0.09695382392965257,0.00027959607735411753,0,0,0,0,0.1664272814174407,10314.188336971387,0.8986000000000002,False
adaptive_mconj48,False,64,0,0.5954839972224422,0.16309901606291533,0.00027959607735411753,0,0,0,0,0.1114147207508954,6131.24483604641,0.9526000000000001,False
adaptive_mconj48,False,128,0,0.5954839972224422,0.2910901301074773,0.00027959607735411753,0,0,0,0,0.07463913182774837,3435.3620977488195,0.977,False
adaptive_mconj48,False,32,1,0.5919658342619039,0.10171040799468756,0.00031406373374130844,0,0,0,0,0.14739063742314165,9831.835499590476,0.906,False
adaptive_mconj48,False,64,1,0.5919658342619039,0.17350865993648767,0.00031406373374130844,0,0,0,0,0.10752841484928531,5763.401091138892,0.9542,False
adaptive_mconj48,False,128,1,0.5919658342619039,0.307367387926206,0.00031406373374130844,0,0,0,0,0.06677574409918619,3253.435592978667,0.981,False
adaptive_mconj48,False,32,2,0.5862687668883634,0.0953847779892385,0.0013022250239861123,0,0,0,0,0.15347951003309854,10483.853095646162,0.9102,False
adaptive_mconj48,False,64,2,0.5862687668883634,0.15762782003730536,0.0013022250239861123,0,0,0,0,0.09775479527879949,6344.0577923575465,0.958,False
adaptive_mconj48,False,128,2,0.5862687668883634,0.29187081195414066,0.0013022250239861123,0,0,0,0,0.05425089861006911,3426.1733583593896,0.9822000000000001,False
adaptive_mconj48,False,32,3,0.5917926345685801,0.10048414207994938,0.0010949921691276246,0,0,0,0,0.15484844203284706,9951.819056228378,0.8986000000000002,False
adaptive_mconj48,False,64,3,0.5917926345685801,0.1598912221379578,0.0010949921691276246,0,0,0,0,0.10667239567948215,6254.2520260254005,0.951,False
adaptive_mconj48,False,128,3,0.5917926345685801,0.2865000478923321,0.0010949921691276246,0,0,0,0,0.06316043065084341,3490.400812693072,0.9774,False
adaptive_mconj48,False,32,4,0.5920054660917301,0.09596208203583956,0.0004775088225885858,0,0,0,0,0.16858422227480246,10420.782654825307,0.9044,False
adaptive_mconj48,False,64,4,0.5920054660917301,0.15466433204710484,0.0004775088225885858,0,0,0,0,0.11123506641342917,6465.614836751361,0.9526000000000001,False
adaptive_mconj48,False,128,4,0.5920054660917301,0.28809423581697047,0.0004775088225885858,0,0,0,0,0.06660330322138686,3471.0864560140362,0.978,False
adaptive_mconj48,False,32,5,0.5987356602466805,0.10367098194546998,0.0009245663089966808,0,0,0,0,0.17888309031319868,9645.900725875166,0.8922,False
adaptive_mconj48,False,64,5,0.5987356602466805,0.16881144186481833,0.0009245663089966808,0,0,0,0,0.12008263821219119,5923.7690819606,0.9496,False
adaptive_mconj48,False,128,5,0.5987356602466805,0.3088603080250323,0.0009245663089966808,0,0,0,0,0.07870425655579245,3237.7096506649627,0.9758,False
adaptive_mconj48,True,32,6,0.6229266249511529,0.10451507801190019,0.008302040401639964,20812,0,0,0,0.17619035160870755,9567.997450914585,0.8764,True
adaptive_mconj48,True,64,6,0.6229266249511529,0.16497926996089518,0.008302040401639964,20812,0,0,0,0.12359223276565562,6061.367590225297,0.9364,True
adaptive_mconj48,True,128,6,0.6229266249511529,0.2850333899259567,0.008302040401639964,20812,0,0,0,0.07931809377437156,3508.3608985591845,0.9692000000000001,True
adaptive_mconj48,True,32,7,0.6319723031078727,0.12236948194913566,0.013036922938028068,37132,0,0,0,0.20171375758732968,8171.972162272142,0.8534,True
adaptive_mconj48,True,64,7,0.6319723031078727,0.18204084387980402,0.013036922938028068,37132,0,0,0,0.1430490824856979,5493.272711151951,0.9264000000000001,True
adaptive_mconj48,True,128,7,0.6319723031078727,0.3036494799889624,0.013036922938028068,37132,0,0,0,0.08944808550215035,3293.27091235707,0.9648,True
adaptive_mconj48,True,32,8,0.6376024549066641,0.11450148792937398,0.019719945750854673,46507,0,0,0,0.18753175731059527,8733.510962030581,0.8572000000000001,True
adaptive_mconj48,True,64,8,0.6376024549066641,0.1844612481072545,0.019719945750854673,46507,0,0,0,0.12456949867443474,5421.1928535718935,0.9338000000000001,True
adaptive_mconj48,True,128,8,0.6376024549066641,0.30094789410941303,0.019719945750854673,46507,0,0,0,0.07328410468853391,3322.8343496447214,0.9712000000000001,True
adaptive_mconj48,True,32,9,0.6443972366815556,0.12795591610483825,0.020710931075585283,53992,0,0,0,0.21414948050368932,7815.191594429045,0.83,True
adaptive_mconj48,True,64,9,0.6443972366815556,0.19343622401356697,0.020710931075585283,53992,0,0,0,0.15680510195781258,5169.662533992927,0.9096,True
adaptive_mconj48,True,128,9,0.6443972366815556,0.31037725205533206,0.020710931075585283,53992,0,0,0,0.11070302615556632,3221.885603335796,0.9522,True
adaptive_mconj48,True,32,10,0.6622585931986746,0.11700626206584275,0.03559247382908569,60531,0,0,0,0.19723802878755406,8546.551119095417,0.8346000000000001,True
adaptive_mconj48,True,64,10,0.6622585931986746,0.18419152381829917,0.03559247382908569,60531,0,0,0,0.14840970318681995,5429.131478311009,0.9116000000000002,True
adaptive_mconj48,True,128,10,0.6622585931986746,0.3048360759858042,0.03559247382908569,60531,0,0,0,0.10017983829094555,3280.451622289511,0.958,True
adaptive_mconj48,True,32,11,0.6481049617685164,0.13139935210347176,0.019794445645839976,66069,0,0,0,0.20927254956157054,7610.387600789232,0.845,True
adaptive_mconj48,True,64,11,0.6481049617685164,0.1832641758956015,0.019794445645839976,66069,0,0,0,0.142828568570857,5456.603807662122,0.92,True
adaptive_mconj48,True,128,11,0.6481049617685164,0.31648972793482244,0.019794445645839976,66069,0,0,0,0.09105492847726585,3159.6602092752246,0.963,True
adaptive_mconj48,True,32,12,0.6444534991281903,0.1299667761195451,0.01916865662603929,72726,0,0,0,0.20144120730376888,7694.2741049465385,0.8512000000000001,True
adaptive_mconj48,True,64,12,0.6444534991281903,0.19358679791912436,0.01916865662603929,72726,0,0,0,0.15053650720008085,5165.641514550876,0.9126000000000002,True
adaptive_mconj48,True,128,12,0.6444534991281903,0.3193388159852475,0.01916865662603929,72726,0,0,0,0.09505787710652915,3131.470243962441,0.958,True
adaptive_mconj48,True,32,13,0.6465850690890795,0.13907710183411837,0.022042858567594047,77458,0,0,0,0.21347215275065742,7190.256245005245,0.8342,True
adaptive_mconj48,True,64,13,0.6465850690890795,0.19118608813732862,0.022042858567594047,77458,0,0,0,0.15552440322984687,5230.506098758095,0.9096000000000001,True
adaptive_mconj48,True,128,13,0.6465850690890795,0.3273685642052442,0.022042858567594047,77458,0,0,0,0.10738789503477568,3054.6610436701812,0.9528000000000001,True
adaptive_mconj48,False,32,14,0.6441638986799981,0.13446801993995905,0.001174791431429946,77458,0,0,0,0.20407292814089772,7436.71246476677,0.8368,False
adaptive_mconj48,False,64,14,0.6441638986799981,0.18561851396225393,0.001174791431429946,77458,0,0,0,0.14316424134538625,5387.393631452911,0.912,False
adaptive_mconj48,False,128,14,0.6441638986799981,0.30976600595749915,0.001174791431429946,77458,0,0,0,0.08821881885402909,3228.2431924993184,0.9588,False
adaptive_mconj48,False,32,15,0.6674013626949754,0.12507972796447575,0.0025304318106645508,77458,0,0,0,0.20006189042393854,7994.900662751784,0.8282,False
adaptive_mconj48,False,64,15,0.6674013626949754,0.19814377813600004,0.0025304318106645508,77458,0,0,0,0.13272166364237603,5046.8402763251515,0.9136000000000002,False
adaptive_mconj48,False,128,15,0.6674013626949754,0.3279789739754051,0.0025304318106645508,77458,0,0,0,0.0859420735146645,3048.9759385459547,0.9586000000000001,False
adaptive_mconj48,True,32,16,0.6906937281582323,0.1233186200261116,0.013941617378732271,91696,0,0,0,0.2073350910965146,8109.075497181683,0.8096000000000001,True
adaptive_mconj48,True,64,16,0.6906937281582323,0.1889805120881647,0.013941617378732271,91696,0,0,0,0.15532404836341346,5291.550906230332,0.8962,True
adaptive_mconj48,True,128,16,0.6906937281582323,0.3146276280749589,0.013941617378732271,91696,0,0,0,0.10284959892969929,3178.360419644245,0.9486000000000001,True
adaptive_mconj48,True,32,17,0.7056253261345331,0.1423330819234252,0.022278554919937833,103472,0,0,0,0.22077418327331663,7025.773534068469,0.7874,True
adaptive_mconj48,True,64,17,0.7056253261345331,0.20606554998084903,0.022278554919937833,103472,0,0,0,0.15803493284713985,4852.824744810262,0.8864,True
adaptive_mconj48,True,128,17,0.7056253261345331,0.3313711460214108,0.022278554919937833,103472,0,0,0,0.10297572529484801,3017.7642562016767,0.946,True
adaptive_mconj48,True,32,18,0.7135161992696147,0.1412233100272715,0.027212245330166487,113349,0,0,0,0.21873993691139257,7080.984008991793,0.7777999999999999,True
adaptive_mconj48,True,64,18,0.7135161992696147,0.19385149609297514,0.027212245330166487,113349,0,0,0,0.16479077644091616,5158.587992121451,0.878,True
adaptive_mconj48,True,128,18,0.7135161992696147,0.32154062180779874,0.027212245330166487,113349,0,0,0,0.11889558444282108,3110.026952046361,0.9372,True
adaptive_mconj48,True,32,19,0.7141804312731564,0.15838014613837004,0.028868346513547048,119948,0,0,0,0.21788216999102977,6313.922700426999,0.7856000000000002,True
adaptive_mconj48,True,64,19,0.7141804312731564,0.21600083610974252,0.028868346513547048,119948,0,0,0,0.1670088620403121,4629.611708965491,0.8797999999999999,True
adaptive_mconj48,True,128,19,0.7141804312731564,0.35129312006756663,0.028868346513547048,119948,0,0,0,0.11015697889829769,2846.6256322004347,0.9388,True
adaptive_mconj48,True,32,20,0.7074936369170505,0.1327249319292605,0.02801265537716667,129585,0,0,0,0.21751864287917944,7534.379452784186,0.7742,True
adaptive_mconj48,True,64,20,0.7074936369170505,0.19808692787773907,0.02801265537716667,129585,0,0,0,0.17192219170310735,5048.288701903683,0.8674000000000001,True
adaptive_mconj48,True,128,20,0.7074936369170505,0.32274342188611627,0.02801265537716667,129585,0,0,0,0.11339470887126965,3098.436504626457,0.9358,True
adaptive_mconj48,True,32,21,0.7195631631711226,0.15821266802959144,0.03459639572037889,139516,0,0,0,0.20779951876748898,6320.6063866704035,0.7956,True
adaptive_mconj48,True,64,21,0.7195631631711226,0.2293862639926374,0.03459639572037889,139516,0,0,0,0.16924727471956527,4359.45894315667,0.8756,True
adaptive_mconj48,True,128,21,0.7195631631711226,0.35530799394473433,0.03459639572037889,139516,0,0,0,0.11805354717245899,2814.45961543872,0.9344,True
adaptive_mconj48,True,32,22,0.7128366306203389,0.15491128782741725,0.030853522454512495,147399,0,0,0,0.2157126792750023,6455.30751196178,0.7797999999999999,True
adaptive_mconj48,True,64,22,0.7128366306203389,0.22186467796564102,0.030853522454512495,147399,0,0,0,0.155161206491829,4507.25193919721,0.885,True
adaptive_mconj48,True,128,22,0.7128366306203389,0.3482595100067556,0.030853522454512495,147399,0,0,0,0.1052864663667653,2871.421946182035,0.9426000000000001,True
adaptive_mconj48,True,32,23,0.7085121578823235,0.16432346403598785,0.0226053550299049,105774,0,0,0,0.209430752278647,6085.55817555668,0.8126,True
adaptive_mconj48,True,64,23,0.7085121578823235,0.2293238239362836,0.0226053550299049,105774,0,0,0,0.16129773711989887,4360.645932181232,0.8952,True
adaptive_mconj48,True,128,23,0.7085121578823235,0.37047603796236217,0.0226053550299049,105774,0,0,0,0.10342514201102168,2699.229902964988,0.9482,True
adaptive_mconj48,False,32,24,0.7151234308542476,0.143772364128381,0.0009832507739583837,105774,0,0,0,0.2113291271926329,6955.439635861128,0.79,False
adaptive_mconj48,False,64,24,0.7151234308542476,0.2108609660062939,0.0009832507739583837,105774,0,0,0,0.1595799486151064,4742.461437695166,0.8868,False
adaptive_mconj48,False,128,24,0.7151234308542476,0.3355213701725006,0.0009832507739583837,105774,0,0,0,0.10484636379007142,2980.4360881271823,0.9418,False
