strategy,shift_sigma,ef_search,mean_recall,mean_ep_distance,mean_bl_entry_distance,mean_ul_dist_comps,mean_layer1_visits,mean_base_visited,mean_base_dist_comps,mean_candidates_remaining,n_queries
no_adaptation,0.0,10,0.8418,15899.7001,6273.8984,134.05,35.8025,13.44,275.885,36.645,800
no_adaptation,0.0,20,0.9054,15899.7001,6273.8984,134.05,35.8025,23.215,453.155,60.1712,800
no_adaptation,0.0,50,0.9595,15899.7001,6273.8984,134.05,35.8025,52.565,930.475,111.4262,800
no_adaptation,0.0,100,0.976,15899.7001,6273.8984,134.05,35.8025,101.8938,1645.475,182.38,800
no_adaptation,0.0,200,0.9876,15899.7001,6273.8984,134.05,35.8025,201.5875,2929.5,311.9125,800
no_adaptation,0.0,500,0.9945,15899.7001,6273.8984,134.05,35.8025,501.04,6236.2212,646.2625,800
no_adaptation,1.0,10,0.8258,16151.3517,6339.5747,134.6662,35.4838,13.4512,276.1462,36.4425,800
no_adaptation,1.0,20,0.8976,16151.3517,6339.5747,134.6662,35.4838,23.38,456.2388,60.5,800
no_adaptation,1.0,50,0.9555,16151.3517,6339.5747,134.6662,35.4838,52.8338,936.8362,112.7575,800
no_adaptation,1.0,100,0.9772,16151.3517,6339.5747,134.6662,35.4838,102.105,1650.425,184.0675,800
no_adaptation,1.0,200,0.988,16151.3517,6339.5747,134.6662,35.4838,201.8362,2938.0025,314.4438,800
no_adaptation,1.0,500,0.9945,16151.3517,6339.5747,134.6662,35.4838,501.295,6248.0513,651.02,800
no_adaptation,2.0,10,0.8172,16482.5029,6527.8758,134.7512,34.5037,13.7788,284.1775,37.3025,800
no_adaptation,2.0,20,0.887,16482.5029,6527.8758,134.7512,34.5037,23.5025,459.755,62.3188,800
no_adaptation,2.0,50,0.9493,16482.5029,6527.8758,134.7512,34.5037,52.995,942.7875,116.4762,800
no_adaptation,2.0,100,0.9741,16482.5029,6527.8758,134.7512,34.5037,102.5188,1660.7838,188.7538,800
no_adaptation,2.0,200,0.9865,16482.5029,6527.8758,134.7512,34.5037,201.9888,2949.39,319.61,800
no_adaptation,2.0,500,0.9952,16482.5029,6527.8758,134.7512,34.5037,501.715,6271.3988,658.1762,800
no_adaptation,3.0,10,0.8019,16893.1538,6754.8973,136.275,35.6838,13.955,288.2525,37.36,800
no_adaptation,3.0,20,0.8831,16893.1538,6754.8973,136.275,35.6838,23.86,467.7025,63.5275,800
no_adaptation,3.0,50,0.9418,16893.1538,6754.8973,136.275,35.6838,53.2275,950.02,119.4488,800
no_adaptation,3.0,100,0.9712,16893.1538,6754.8973,136.275,35.6838,102.8938,1674.0988,193.965,800
no_adaptation,3.0,200,0.9841,16893.1538,6754.8973,136.275,35.6838,202.4088,2969.1062,327.4688,800
no_adaptation,3.0,500,0.995,16893.1538,6754.8973,136.275,35.6838,502.615,6314.905,671.8838,800
no_adaptation,4.0,10,0.7808,17383.3043,7166.5443,135.775,35.0538,14.2075,293.73,38.3025,800
no_adaptation,4.0,20,0.8676,17383.3043,7166.5443,135.775,35.0538,24.32,479.1912,65.6138,800
no_adaptation,4.0,50,0.932,17383.3043,7166.5443,135.775,35.0538,53.7225,964.9662,124.64,800
no_adaptation,4.0,100,0.9646,17383.3043,7166.5443,135.775,35.0538,103.3588,1694.4425,202.8675,800
no_adaptation,4.0,200,0.9819,17383.3043,7166.5443,135.775,35.0538,203.2975,3001.3312,339.5925,800
no_adaptation,4.0,500,0.9932,17383.3043,7166.5443,135.775,35.0538,503.1638,6375.5838,690.6225,800
no_adaptation,6.0,10,0.6989,18602.1043,8344.6794,130.6988,33.43,15.2588,317.7125,41.0575,800
no_adaptation,6.0,20,0.8005,18602.1043,8344.6794,130.6988,33.43,25.8075,515.39,73.0412,800
no_adaptation,6.0,50,0.8934,18602.1043,8344.6794,130.6988,33.43,55.6038,1016.4775,142.705,800
no_adaptation,6.0,100,0.9436,18602.1043,8344.6794,130.6988,33.43,106.0975,1774.5325,231.5388,800
no_adaptation,6.0,200,0.9726,18602.1043,8344.6794,130.6988,33.43,206.0788,3107.18,380.295,800
no_adaptation,6.0,500,0.9876,18602.1043,8344.6794,130.6988,33.43,504.9488,6557.52,748.5963,800
no_adaptation,8.0,10,0.6081,20138.903,9491.2409,127.3912,32.7925,16.0588,341.3175,42.3338,800
no_adaptation,8.0,20,0.7145,20138.903,9491.2409,127.3912,32.7925,26.7238,543.6325,76.9025,800
no_adaptation,8.0,50,0.842,20138.903,9491.2409,127.3912,32.7925,57.7438,1078.5275,156.4875,800
no_adaptation,8.0,100,0.8956,20138.903,9491.2409,127.3912,32.7925,107.3138,1843.32,255.1212,800
no_adaptation,8.0,200,0.9471,20138.903,9491.2409,127.3912,32.7925,208.795,3252.075,418.2738,800
no_adaptation,8.0,500,0.9758,20138.903,9491.2409,127.3912,32.7925,509.8575,6846.2825,817.1025,800
no_adaptation,10.0,10,0.4915,21993.7002,10835.82,122.0388,31.3425,16.585,360.625,41.9512,800
no_adaptation,10.0,20,0.6245,21993.7002,10835.82,122.0388,31.3425,28.055,581.2263,79.8025,800
no_adaptation,10.0,50,0.7634,21993.7002,10835.82,122.0388,31.3425,59.3775,1138.75,167.5188,800
no_adaptation,10.0,100,0.8425,21993.7002,10835.82,122.0388,31.3425,109.7262,1944.865,279.5888,800
no_adaptation,10.0,200,0.8984,21993.7002,10835.82,122.0388,31.3425,210.3675,3396.4788,458.7688,800
no_adaptation,10.0,500,0.9577,21993.7002,10835.82,122.0388,31.3425,515.2925,7231.3975,899.2975,800
no_adaptation,12.0,10,0.3914,24166.4959,12279.7555,116.9775,29.9038,16.845,375.2525,41.0662,800
no_adaptation,12.0,20,0.5172,24166.4959,12279.7555,116.9775,29.9038,28.68,612.0375,79.1662,800
no_adaptation,12.0,50,0.6743,24166.4959,12279.7555,116.9775,29.9038,60.1762,1189.9012,172.8112,800
no_adaptation,12.0,100,0.7725,24166.4959,12279.7555,116.9775,29.9038,111.225,2043.365,293.7288,800
no_adaptation,12.0,200,0.8462,24166.4959,12279.7555,116.9775,29.9038,212.3075,3573.675,491.4788,800
no_adaptation,12.0,500,0.9149,24166.4959,12279.7555,116.9775,29.9038,516.3662,7624.4125,971.8025,800
no_adaptation,16.0,10,0.2615,29466.0836,15530.1252,108.1312,27.0562,16.7325,382.6438,39.0725,800
no_adaptation,16.0,20,0.3764,29466.0836,15530.1252,108.1312,27.0562,28.5162,631.205,76.5362,800
no_adaptation,16.0,50,0.5318,29466.0836,15530.1252,108.1312,27.0562,59.8775,1250.255,171.5962,800
no_adaptation,16.0,100,0.6492,29466.0836,15530.1252,108.1312,27.0562,109.6575,2158.8925,299.0562,800
no_adaptation,16.0,200,0.7462,29466.0836,15530.1252,108.1312,27.0562,209.0562,3829.6488,513.2975,800
no_adaptation,16.0,500,0.8451,29466.0836,15530.1252,108.1312,27.0562,512.125,8353.0575,1043.9838,800
option1_directed_edges,0.0,10,0.8383,16680.5835,6241.282,136.6862,36.1575,13.6425,280.7162,36.5538,800
option1_directed_edges,0.0,20,0.9036,14588.0394,14588.0394,0.0,0.0,31.6938,647.465,163.7588,800
option1_directed_edges,0.0,50,0.9536,14552.7249,14552.7249,0.0,0.0,60.7862,1131.9025,271.665,800
option1_directed_edges,0.0,100,0.9742,14552.7249,14552.7249,0.0,0.0,110.3412,1847.7425,361.9788,800
option1_directed_edges,0.0,200,0.9865,14552.7249,14552.7249,0.0,0.0,210.0862,3131.1887,496.2025,800
option1_directed_edges,0.0,500,0.9945,14552.7249,14552.7249,0.0,0.0,509.66,6435.0913,830.545,800
option1_directed_edges,1.0,10,0.8334,16921.1453,6297.3852,136.7162,35.3175,13.7125,281.8862,36.8038,800
option1_directed_edges,1.0,20,0.8978,13698.3524,13698.3524,0.0,0.0,31.665,652.7325,161.8162,800
option1_directed_edges,1.0,50,0.9516,14043.5712,14043.5712,0.0,0.0,61.2188,1140.135,270.5338,800
option1_directed_edges,1.0,100,0.9742,14043.5712,14043.5712,0.0,0.0,110.5625,1853.1225,363.5663,800
option1_directed_edges,1.0,200,0.9868,14043.5712,14043.5712,0.0,0.0,210.3075,3139.2638,500.2825,800
option1_directed_edges,1.0,500,0.9944,14043.5712,14043.5712,0.0,0.0,509.9612,6447.77,835.9525,800
option1_directed_edges,2.0,10,0.8255,17241.2068,6459.2642,137.0612,35.025,13.8238,284.3938,36.7888,800
option1_directed_edges,2.0,20,0.8864,13570.8118,13570.8118,0.0,0.0,31.9288,658.5237,159.5175,800
option1_directed_edges,2.0,50,0.9502,13613.9172,13613.9172,0.0,0.0,61.79,1153.81,269.4312,800
option1_directed_edges,2.0,100,0.9718,13613.9172,13613.9172,0.0,0.0,111.055,1866.9012,366.4138,800
option1_directed_edges,2.0,200,0.9864,13613.9172,13613.9172,0.0,0.0,210.7375,3155.6838,507.2075,800
option1_directed_edges,2.0,500,0.9954,13613.9172,13613.9172,0.0,0.0,510.1712,6470.0337,847.4525,800
option1_directed_edges,3.0,10,0.81,17640.7679,6654.3998,136.7725,35.0712,13.8112,285.0725,37.0175,800
option1_directed_edges,3.0,20,0.8658,13431.6462,13431.6462,0.0,0.0,32.31,666.8612,156.7288,800
option1_directed_edges,3.0,50,0.9384,13263.7628,13263.7628,0.0,0.0,62.2112,1167.0363,266.1288,800
option1_directed_edges,3.0,100,0.9661,13263.7628,13263.7628,0.0,0.0,111.7062,1887.7262,366.5538,800
option1_directed_edges,3.0,200,0.983,13263.7628,13263.7628,0.0,0.0,211.4562,3180.195,512.37,800
option1_directed_edges,3.0,500,0.9924,13263.7628,13263.7628,0.0,0.0,511.0112,6518.07,859.7138,800
option1_directed_edges,4.0,10,0.7809,18119.8287,7048.7469,136.205,34.7338,14.04,290.085,37.405,800
option1_directed_edges,4.0,20,0.848,12993.1081,12993.1081,0.0,0.0,33.105,693.6525,154.4562,800
option1_directed_edges,4.0,50,0.921,12993.1081,12993.1081,0.0,0.0,62.805,1185.25,264.9575,800
option1_directed_edges,4.0,100,0.9598,12993.1081,12993.1081,0.0,0.0,112.9388,1924.865,372.8612,800
option1_directed_edges,4.0,200,0.9809,12993.1081,12993.1081,0.0,0.0,213.0188,3227.5138,526.9062,800
option1_directed_edges,4.0,500,0.9909,12993.1081,12993.1081,0.0,0.0,512.2175,6591.9038,883.9688,800
option1_directed_edges,6.0,10,0.7165,19316.4492,7868.0748,137.1425,34.6112,14.495,301.0412,37.515,800
option1_directed_edges,6.0,20,0.782,12690.2976,12690.2976,0.0,0.0,33.4588,704.9312,143.1113,800
option1_directed_edges,6.0,50,0.8795,12690.2976,12690.2976,0.0,0.0,63.5838,1213.38,256.3975,800
option1_directed_edges,6.0,100,0.9375,12690.2976,12690.2976,0.0,0.0,114.5925,1983.37,374.8038,800
option1_directed_edges,6.0,200,0.9682,12690.2976,12690.2976,0.0,0.0,214.66,3314.1088,541.8562,800
option1_directed_edges,6.0,500,0.984,12690.2976,12690.2976,0.0,0.0,513.3638,6761.3988,920.2362,800
option1_directed_edges,8.0,10,0.624,20831.0682,8944.492,137.1875,33.5875,14.8962,312.9462,37.5238,800
option1_directed_edges,8.0,20,0.6951,12705.4857,12705.4857,0.0,0.0,33.5175,713.34,129.68,800
option1_directed_edges,8.0,50,0.8331,12705.4857,12705.4857,0.0,0.0,65.0012,1259.0288,246.6862,800
option1_directed_edges,8.0,100,0.8949,12705.4857,12705.4857,0.0,0.0,114.9112,2026.9862,372.3,800
option1_directed_edges,8.0,200,0.941,12705.4857,12705.4857,0.0,0.0,215.4925,3422.4588,553.7362,800
option1_directed_edges,8.0,500,0.971,12705.4857,12705.4857,0.0,0.0,516.3188,7014.9462,962.4925,800
option1_directed_edges,10.0,10,0.4365,12769.3643,12769.3643,0.0,0.0,20.1162,457.235,61.9162,800
option1_directed_edges,10.0,20,0.584,13038.6725,13038.6725,0.0,0.0,33.0375,711.4838,116.0762,800
option1_directed_edges,10.0,50,0.7461,13038.6725,13038.6725,0.0,0.0,65.3525,1288.7775,232.88,800
option1_directed_edges,10.0,100,0.8236,13038.6725,13038.6725,0.0,0.0,115.95,2103.0325,367.5362,800
option1_directed_edges,10.0,200,0.8936,13038.6725,13038.6725,0.0,0.0,217.6125,3569.3575,566.285,800
option1_directed_edges,10.0,500,0.9554,13038.6725,13038.6725,0.0,0.0,522.3275,7407.8575,1023.7488,800
option1_directed_edges,12.0,10,0.356,13314.4316,13314.4316,0.0,0.0,19.2788,441.7725,54.315,800
option1_directed_edges,12.0,20,0.4778,13689.8578,13689.8578,0.0,0.0,32.3075,709.6475,103.78,800
option1_directed_edges,12.0,50,0.6553,13689.8578,13689.8578,0.0,0.0,64.8488,1307.6212,218.4775,800
option1_directed_edges,12.0,100,0.7615,13689.8578,13689.8578,0.0,0.0,116.3412,2169.27,357.4938,800
option1_directed_edges,12.0,200,0.8385,13689.8578,13689.8578,0.0,0.0,217.0725,3696.0362,568.9825,800
option1_directed_edges,12.0,500,0.9105,13689.8578,13689.8578,0.0,0.0,520.85,7745.53,1059.095,800
option1_directed_edges,16.0,10,0.2424,15358.562,15358.562,0.0,0.0,16.9562,395.7038,43.4725,800
option1_directed_edges,16.0,20,0.357,15946.2243,15946.2243,0.0,0.0,30.2188,681.2188,86.48,800
option1_directed_edges,16.0,50,0.5174,15946.2243,15946.2243,0.0,0.0,61.7475,1305.8988,190.875,800
option1_directed_edges,16.0,100,0.64,15946.2243,15946.2243,0.0,0.0,111.9,2225.6138,329.1575,800
option1_directed_edges,16.0,200,0.7335,15946.2243,15946.2243,0.0,0.0,210.5912,3894.21,549.71,800
option1_directed_edges,16.0,500,0.8374,15946.2243,15946.2243,0.0,0.0,513.6487,8429.1862,1087.2312,800
option2_promotion,0.0,10,0.8476,15745.2348,6290.5044,137.1375,36.3488,13.6038,278.8087,36.4138,800
option2_promotion,0.0,20,0.9069,15829.6976,8475.8071,93.175,93.175,25.7625,508.875,88.96,800
option2_promotion,0.0,50,0.9602,15829.6976,8475.8071,93.175,93.175,55.16,986.9838,154.2188,800
option2_promotion,0.0,100,0.9761,15829.6976,8475.8071,93.175,93.175,104.4888,1701.48,231.3338,800
option2_promotion,0.0,200,0.9869,15829.6976,8475.8071,93.175,93.175,204.1038,2984.2025,362.8075,800
option2_promotion,0.0,500,0.9945,15829.6976,8475.8071,93.175,93.175,503.9675,6294.3988,698.055,800
option2_promotion,1.0,10,0.8334,15928.8186,6365.6818,136.6488,36.1338,13.53,276.4325,36.7588,800
option2_promotion,1.0,20,0.8941,13698.3524,9361.7768,78.0438,78.0438,27.6175,553.6812,104.56,800
option2_promotion,1.0,50,0.9576,15833.3752,8626.1856,91.5088,91.5088,55.4888,994.2425,159.3025,800
option2_promotion,1.0,100,0.977,15833.3752,8626.1856,91.5088,91.5088,104.8388,1708.6462,236.5025,800
option2_promotion,1.0,200,0.987,15833.3752,8626.1856,91.5088,91.5088,204.2925,2992.9975,367.8888,800
option2_promotion,1.0,500,0.9932,15833.3752,8626.1856,91.5088,91.5088,503.6688,6305.2675,702.355,800
option2_promotion,2.0,10,0.819,16191.9022,6609.991,136.03,35.7512,13.6512,279.4838,37.2925,800
option2_promotion,2.0,20,0.8881,13570.8118,9493.8628,75.3088,75.3088,27.9625,561.02,106.4212,800
option2_promotion,2.0,50,0.9514,15916.5524,8632.4779,93.0075,93.0075,55.495,996.1588,158.4288,800
option2_promotion,2.0,100,0.9752,15916.5524,8632.4779,93.0075,93.0075,105.1375,1716.4488,237.79,800
option2_promotion,2.0,200,0.9868,15916.5524,8632.4779,93.0075,93.0075,204.6188,3004.58,370.0088,800
option2_promotion,2.0,500,0.994,15916.5524,8632.4779,93.0075,93.0075,503.9262,6325.0488,707.165,800
option2_promotion,3.0,10,0.8051,16534.4854,6809.4912,135.5662,35.7638,13.875,284.7325,37.6238,800
option2_promotion,3.0,20,0.8632,13431.6462,9657.3888,74.795,74.795,28.2738,569.9225,105.7238,800
option2_promotion,3.0,50,0.9456,16079.2292,8758.3699,93.6688,93.6688,56.125,1011.3988,161.0312,800
option2_promotion,3.0,100,0.972,16079.2292,8758.3699,93.6688,93.6688,105.5912,1730.2275,242.3712,800
option2_promotion,3.0,200,0.9852,16079.2292,8758.3699,93.6688,93.6688,205.1938,3024.6538,377.9488,800
option2_promotion,3.0,500,0.9938,16079.2292,8758.3699,93.6688,93.6688,504.3925,6362.705,719.9812,800
option2_promotion,4.0,10,0.7799,16956.5683,7085.2254,135.98,35.3112,14.085,288.4788,37.4975,800
option2_promotion,4.0,20,0.8519,17039.5396,9543.1193,93.9875,93.9875,27.835,559.9788,99.6888,800
option2_promotion,4.0,50,0.9294,16321.4059,9054.5441,91.7525,91.7525,56.6575,1028.2588,165.8175,800
option2_promotion,4.0,100,0.967,16321.4059,9054.5441,91.7525,91.7525,106.75,1764.645,252.09,800
option2_promotion,4.0,200,0.9834,16321.4059,9054.5441,91.7525,91.7525,206.3587,3064.855,392.1125,800
option2_promotion,4.0,500,0.9924,16321.4059,9054.5441,91.7525,91.7525,505.5225,6433.975,744.0425,800
option2_promotion,6.0,10,0.7034,18039.2329,7963.0405,134.5438,35.115,14.565,301.9325,38.0737,800
option2_promotion,6.0,20,0.8098,17044.2578,9711.7194,90.4,90.4,27.8725,561.3112,93.2312,800
option2_promotion,6.0,50,0.8968,17044.2578,9711.7194,90.4,90.4,57.645,1059.9488,173.335,800
option2_promotion,6.0,100,0.9425,17044.2578,9711.7194,90.4,90.4,107.8212,1813.385,267.3438,800
option2_promotion,6.0,200,0.9742,17044.2578,9711.7194,90.4,90.4,208.41,3151.3275,419.0238,800
option2_promotion,6.0,500,0.9866,17044.2578,9711.7194,90.4,90.4,507.3512,6601.1262,787.7388,800
option2_promotion,8.0,10,0.5921,18085.1085,10634.1717,88.025,88.025,17.5475,373.7575,51.3062,800
option2_promotion,8.0,20,0.7271,18085.1085,10634.1717,88.025,88.025,28.8112,586.93,93.2312,800
option2_promotion,8.0,50,0.8546,18085.1085,10634.1717,88.025,88.025,59.5725,1114.405,181.6413,800
option2_promotion,8.0,100,0.9054,18085.1085,10634.1717,88.025,88.025,109.1775,1875.9512,284.135,800
option2_promotion,8.0,200,0.9439,18085.1085,10634.1717,88.025,88.025,209.035,3259.2087,446.2788,800
option2_promotion,8.0,500,0.972,18085.1085,10634.1717,88.025,88.025,509.935,6867.0825,842.4825,800
option2_promotion,10.0,10,0.5192,19443.9577,11849.41,85.4425,85.4425,18.2638,396.2338,51.2875,800
option2_promotion,10.0,20,0.6456,19443.9577,11849.41,85.4425,85.4425,29.5188,612.9412,94.1388,800
option2_promotion,10.0,50,0.7774,19443.9577,11849.41,85.4425,85.4425,60.1612,1152.22,188.4325,800
option2_promotion,10.0,100,0.8539,19443.9577,11849.41,85.4425,85.4425,110.435,1953.6,301.2388,800
option2_promotion,10.0,200,0.905,19443.9577,11849.41,85.4425,85.4425,210.3175,3382.46,476.7325,800
option2_promotion,10.0,500,0.9555,19443.9577,11849.41,85.4425,85.4425,512.6575,7191.3425,907.8862,800
option2_promotion,12.0,10,0.3765,21120.8055,13043.8055,84.5625,84.5625,17.7938,395.2462,46.6025,800
option2_promotion,12.0,20,0.518,21120.8055,13043.8055,84.5625,84.5625,29.9125,638.4338,89.4862,800
option2_promotion,12.0,50,0.6851,21120.8055,13043.8055,84.5625,84.5625,61.8525,1220.6725,188.4175,800
option2_promotion,12.0,100,0.7844,21120.8055,13043.8055,84.5625,84.5625,112.5475,2061.9375,312.3138,800
option2_promotion,12.0,200,0.8521,21120.8055,13043.8055,84.5625,84.5625,213.0725,3577.615,509.7212,800
option2_promotion,12.0,500,0.9161,21120.8055,13043.8055,84.5625,84.5625,515.2162,7592.2412,984.8412,800
option2_promotion,16.0,10,0.2555,25428.497,16231.6307,82.0038,82.0038,17.5625,401.4738,43.0862,800
option2_promotion,16.0,20,0.3709,25428.497,16231.6307,82.0038,82.0038,29.32,647.2688,83.5275,800
option2_promotion,16.0,50,0.531,25428.497,16231.6307,82.0038,82.0038,60.8438,1270.2488,182.2038,800
option2_promotion,16.0,100,0.6516,25428.497,16231.6307,82.0038,82.0038,110.5025,2181.4838,312.1212,800
option2_promotion,16.0,200,0.7421,25428.497,16231.6307,82.0038,82.0038,209.9175,3857.7312,527.88,800
option2_promotion,16.0,500,0.8418,25428.497,16231.6307,82.0038,82.0038,512.0588,8381.8712,1060.025,800
option3_rewire,0.0,10,0.8449,14399.2088,6405.1852,130.8788,36.2825,13.7412,281.83,37.5938,800
option3_rewire,0.0,20,0.897,13934.0997,13934.0997,0.0,0.0,31.185,648.4825,162.8112,800
option3_rewire,0.0,50,0.9569,14552.7249,9323.9115,89.3575,89.3575,56.89,1027.8025,179.0988,800
option3_rewire,0.0,100,0.9752,14552.7249,9323.9115,89.3575,89.3575,106.3938,1744.9488,262.7525,800
option3_rewire,0.0,200,0.9857,14552.7249,9323.9115,89.3575,89.3575,205.8325,3026.7725,396.6275,800
option3_rewire,0.0,500,0.9935,14552.7249,9323.9115,89.3575,89.3575,505.6312,6339.75,732.9125,800
option3_rewire,1.0,10,0.8369,14411.3042,6535.273,130.6113,35.9825,13.8738,284.1825,38.2512,800
option3_rewire,1.0,20,0.8975,15624.59,15624.59,0.0,0.0,33.41,678.27,180.6475,800
option3_rewire,1.0,50,0.9558,14043.5712,9391.3801,84.6112,84.6112,57.2975,1037.7963,182.185,800
option3_rewire,1.0,100,0.9775,14043.5712,9391.3801,84.6112,84.6112,106.7188,1753.2838,267.8112,800
option3_rewire,1.0,200,0.9875,14043.5712,9391.3801,84.6112,84.6112,206.1288,3036.345,403.3275,800
option3_rewire,1.0,500,0.995,14043.5712,9391.3801,84.6112,84.6112,506.0812,6350.4138,741.0488,800
option3_rewire,2.0,10,0.817,14502.8994,6721.4979,130.3538,35.7688,13.9712,287.9288,38.6763,800
option3_rewire,2.0,20,0.8853,15681.6994,15681.6994,0.0,0.0,33.9075,690.3775,182.3188,800
option3_rewire,2.0,50,0.9502,13613.9172,9612.5076,78.7088,78.7088,58.11,1058.6012,188.93,800
option3_rewire,2.0,100,0.9728,13613.9172,9612.5076,78.7088,78.7088,107.4738,1774.1838,278.1688,800
option3_rewire,2.0,200,0.9855,13613.9172,9612.5076,78.7088,78.7088,207.045,3064.0425,417.2238,800
option3_rewire,2.0,500,0.9941,13613.9172,9612.5076,78.7088,78.7088,506.6238,6385.2962,758.89,800
option3_rewire,3.0,10,0.7969,14673.9942,6938.6711,131.5188,35.295,14.1438,291.6788,38.6862,800
option3_rewire,3.0,20,0.8751,16108.7539,16108.7539,0.0,0.0,32.7275,659.6013,177.3412,800
option3_rewire,3.0,50,0.9413,13263.7628,9780.6052,73.9212,73.9212,59.1075,1082.5562,194.0562,800
option3_rewire,3.0,100,0.9679,13263.7628,9780.6052,73.9212,73.9212,108.5462,1803.3038,286.5938,800
option3_rewire,3.0,200,0.9835,13263.7628,9780.6052,73.9212,73.9212,208.47,3100.9238,430.9888,800
option3_rewire,3.0,500,0.9942,13263.7628,9780.6052,73.9212,73.9212,508.4688,6441.2375,782.5675,800
option3_rewire,4.0,10,0.7736,14924.5887,7271.35,130.2912,34.44,14.2362,294.3038,38.9487,800
option3_rewire,4.0,20,0.8435,12993.1081,10076.7731,67.5725,67.5725,29.6675,602.8488,111.365,800
option3_rewire,4.0,50,0.9266,12993.1081,10077.5787,67.555,67.555,59.8862,1104.2388,200.8562,800
option3_rewire,4.0,100,0.9585,12993.1081,10077.5787,67.555,67.555,109.5675,1837.4088,298.795,800
option3_rewire,4.0,200,0.9821,12993.1081,10077.5787,67.555,67.555,210.3412,3149.9762,449.92,800
option3_rewire,4.0,500,0.9926,12993.1081,10077.5787,67.555,67.555,509.5625,6512.0938,808.655,800
option3_rewire,6.0,10,0.7071,15664.2765,7967.254,131.7525,35.4362,14.5625,302.6375,37.9425,800
option3_rewire,6.0,20,0.7744,12690.2976,10589.5211,56.965,56.965,31.025,639.3938,110.91,800
option3_rewire,6.0,50,0.8785,12690.2976,10589.5211,56.965,56.965,61.3688,1153.3212,209.07,800
option3_rewire,6.0,100,0.9375,12690.2976,10589.5211,56.965,56.965,112.4125,1922.7225,320.345,800
option3_rewire,6.0,200,0.9701,12690.2976,10589.5211,56.965,56.965,212.9388,3262.6887,485.825,800
option3_rewire,6.0,500,0.9865,12690.2976,10589.5211,56.965,56.965,512.1662,6705.3162,865.875,800
option3_rewire,8.0,10,0.5371,12705.4857,11343.1902,45.37,45.37,19.7175,433.67,58.28,800
option3_rewire,8.0,20,0.6766,12705.4857,11343.2061,45.3562,45.3562,31.3525,657.9425,107.4175,800
option3_rewire,8.0,50,0.8224,12705.4857,11343.2061,45.3562,45.3562,63.3288,1216.2725,214.2112,800
option3_rewire,8.0,100,0.8905,12705.4857,11343.2061,45.3562,45.3562,113.6712,1994.4225,335.4337,800
option3_rewire,8.0,200,0.937,12705.4857,11343.2061,45.3562,45.3562,214.185,3392.7775,516.43,800
option3_rewire,8.0,500,0.9729,12705.4857,11343.2061,45.3562,45.3562,516.16,6994.1238,932.535,800
option3_rewire,10.0,10,0.4368,12769.3643,12769.3643,0.0,0.0,20.2125,459.0462,61.79,800
option3_rewire,10.0,20,0.5706,13038.6725,12104.0173,37.6388,37.6388,31.4538,670.9862,101.0012,800
option3_rewire,10.0,50,0.7379,13038.6725,12104.0173,37.6388,37.6388,64.0725,1258.145,210.965,800
option3_rewire,10.0,100,0.8226,13038.6725,12104.0173,37.6388,37.6388,114.9825,2078.6488,341.7388,800
option3_rewire,10.0,200,0.8865,13038.6725,12104.0173,37.6388,37.6388,216.2125,3545.3362,538.7288,800
option3_rewire,10.0,500,0.9544,13038.6725,12104.0173,37.6388,37.6388,521.98,7396.4262,999.41,800
option3_rewire,12.0,10,0.3619,13314.4316,13314.4316,0.0,0.0,19.4475,445.2488,54.4062,800
option3_rewire,12.0,20,0.4839,13689.8578,13058.6865,31.2888,31.2888,31.3275,682.79,94.3488,800
option3_rewire,12.0,50,0.6554,13689.8578,13058.6865,31.2888,31.2888,63.97,1285.0825,203.9112,800
option3_rewire,12.0,100,0.7596,13689.8578,13058.6865,31.2888,31.2888,115.2875,2147.5025,339.415,800
option3_rewire,12.0,200,0.8408,13689.8578,13058.6865,31.2888,31.2888,216.7612,3682.065,551.3825,800
option3_rewire,12.0,500,0.909,13689.8578,13058.6865,31.2888,31.2888,519.3038,7711.8338,1040.5875,800
option3_rewire,16.0,10,0.2425,15358.562,15358.562,0.0,0.0,16.99,396.6175,43.46,800
option3_rewire,16.0,20,0.3581,15946.2243,15630.8025,23.8138,23.8138,29.8962,670.9488,81.9137,800
option3_rewire,16.0,50,0.515,15946.2243,15630.8025,23.8138,23.8138,61.2488,1293.4062,183.7688,800
option3_rewire,16.0,100,0.6391,15946.2243,15630.8025,23.8138,23.8138,111.3788,2214.0775,319.765,800
option3_rewire,16.0,200,0.7385,15946.2243,15630.8025,23.8138,23.8138,210.86,3891.6612,540.8875,800
option3_rewire,16.0,500,0.8379,15946.2243,15630.8025,23.8138,23.8138,513.1588,8418.5175,1078.2112,800
