strategy,ef_search,shift_sigma,mean_recall,mean_ep_distance,mean_bl_entry_distance,mean_ul_dist_comps,mean_layer1_visits,mean_base_visited,mean_base_dist_comps,n_queries,mean_t_query_ms,mean_t_pool_scan_ms,mean_t_pool_knn_ms,mean_t_orig_knn_ms,mean_t_adapt_ms
full,10,0.0,0.8432,16227.2755,6335.6364,132.216,35.572,13.481,272.49,1000,0.0724,0.0,0.0,0.0724,0.0
full,10,1.0,0.8288,16098.2198,6385.5811,131.743,35.617,13.414,272.078,1000,0.0725,0.0,0.0,0.0725,0.0
full,10,2.0,0.8139,16048.6637,6484.4249,131.417,35.338,13.536,273.633,1000,0.0715,0.0,0.0,0.0715,0.0
full,10,3.0,0.8038,16078.6074,6715.9762,131.457,35.263,13.688,278.687,1000,0.074,0.0,0.0,0.074,0.0
full,10,4.0,0.7837,16188.0505,7011.7649,131.813,35.337,13.742,279.132,1000,0.0723,0.0,0.0,0.0723,0.0
full,10,6.0,0.754,14851.1159,7473.3631,121.3,36.791,13.505,276.342,1000,0.8124,0.6595,0.0796,0.0569,0.2017
full,10,8.0,0.6931,16370.8654,8233.5334,124.21,34.609,13.667,281.953,1000,0.9422,0.781,0.0861,0.0572,0.6391
full,10,10.0,0.6225,17076.0776,9300.101,123.238,33.396,13.784,285.965,1000,0.9667,0.7997,0.0881,0.0607,1.2495
full,10,12.0,0.5146,17820.6317,10912.502,119.527,32.353,14.17,302.746,1000,0.9723,0.8021,0.089,0.0632,1.6835
full,10,16.0,0.3711,20606.2435,14513.9298,114.788,30.521,14.889,328.418,1000,0.9685,0.7996,0.0863,0.0643,2.018
full,20,0.0,0.9057,16227.2755,6335.6364,132.216,35.572,23.246,444.946,1000,0.1083,0.0,0.0,0.1083,0.0
full,20,1.0,0.9014,16098.2198,6385.5811,131.743,35.617,23.352,448.076,1000,0.1057,0.0,0.0,0.1057,0.0
full,20,2.0,0.8906,16048.6637,6484.4249,131.417,35.338,23.555,452.216,1000,0.1059,0.0,0.0,0.1059,0.0
full,20,3.0,0.8799,16078.6074,6715.9762,131.457,35.263,23.757,458.205,1000,0.1068,0.0,0.0,0.1068,0.0
full,20,4.0,0.8661,16188.0505,7011.7649,131.813,35.337,23.832,460.145,1000,0.1055,0.0,0.0,0.1055,0.0
full,20,6.0,0.837,14851.1159,7473.3631,121.3,36.791,23.743,462.481,1000,0.875,0.6649,0.1181,0.0755,0.203
full,20,8.0,0.7892,16370.8654,8233.5334,124.21,34.609,23.866,470.886,1000,1.0038,0.7826,0.1262,0.0771,0.6268
full,20,10.0,0.7219,17076.0776,9300.101,123.238,33.396,24.206,482.009,1000,1.0289,0.796,0.1309,0.0839,1.23
full,20,12.0,0.6181,17820.6317,10912.502,119.527,32.353,24.841,510.844,1000,1.0312,0.7964,0.1306,0.0859,1.6622
full,20,16.0,0.4748,20606.2435,14513.9298,114.788,30.521,26.268,562.798,1000,1.0418,0.7984,0.1342,0.091,2.0017
full,50,0.0,0.9581,16227.2755,6335.6364,132.216,35.572,52.609,913.172,1000,0.1962,0.0,0.0,0.1962,0.0
full,50,1.0,0.955,16098.2198,6385.5811,131.743,35.617,52.616,915.752,1000,0.1944,0.0,0.0,0.1944,0.0
full,50,2.0,0.9492,16048.6637,6484.4249,131.417,35.338,52.937,920.709,1000,0.1925,0.0,0.0,0.1925,0.0
full,50,3.0,0.9454,16078.6074,6715.9762,131.457,35.263,53.174,928.789,1000,0.196,0.0,0.0,0.196,0.0
full,50,4.0,0.935,16188.0505,7011.7649,131.813,35.337,53.272,934.048,1000,0.1951,0.0,0.0,0.1951,0.0
full,50,6.0,0.9164,14851.1159,7473.3631,121.3,36.791,53.388,948.454,1000,1.0165,0.6593,0.2137,0.1263,0.2028
full,50,8.0,0.8771,16370.8654,8233.5334,124.21,34.609,53.581,969.244,1000,1.1589,0.7885,0.2264,0.1257,0.6348
full,50,10.0,0.8261,17076.0776,9300.101,123.238,33.396,54.225,996.608,1000,1.1982,0.8082,0.2342,0.1372,1.2474
full,50,12.0,0.7428,17820.6317,10912.502,119.527,32.353,55.464,1057.994,1000,1.2107,0.8114,0.2377,0.1429,1.6912
full,50,16.0,0.6055,20606.2435,14513.9298,114.788,30.521,57.313,1159.418,1000,1.2276,0.8135,0.2444,0.1511,2.0385
full,100,0.0,0.9788,16227.2755,6335.6364,132.216,35.572,102.201,1612.854,1000,0.3355,0.0,0.0,0.3355,0.0
full,100,1.0,0.9747,16098.2198,6385.5811,131.743,35.617,102.208,1617.16,1000,0.3292,0.0,0.0,0.3292,0.0
full,100,2.0,0.9703,16048.6637,6484.4249,131.417,35.338,102.484,1624.203,1000,0.3257,0.0,0.0,0.3257,0.0
full,100,3.0,0.9685,16078.6074,6715.9762,131.457,35.263,102.799,1635.748,1000,0.3318,0.0,0.0,0.3318,0.0
full,100,4.0,0.9655,16188.0505,7011.7649,131.813,35.337,103.046,1646.874,1000,0.3344,0.0,0.0,0.3344,0.0
full,100,6.0,0.9501,14851.1159,7473.3631,121.3,36.791,103.007,1674.942,1000,1.2187,0.6486,0.3493,0.2031,0.2022
full,100,8.0,0.9191,16370.8654,8233.5334,124.21,34.609,103.196,1717.298,1000,1.3138,0.7235,0.3701,0.2017,0.6324
full,100,10.0,0.8804,17076.0776,9300.101,123.238,33.396,103.664,1763.548,1000,1.3411,0.7218,0.3829,0.2179,1.2329
full,100,12.0,0.8072,17820.6317,10912.502,119.527,32.353,105.073,1866.764,1000,1.3414,0.7205,0.3779,0.2246,1.6588
full,100,16.0,0.7018,20606.2435,14513.9298,114.788,30.521,106.296,2028.701,1000,1.3702,0.7222,0.3927,0.2368,1.9866
full,200,0.0,0.9891,16227.2755,6335.6364,132.216,35.572,201.816,2859.18,1000,0.581,0.0,0.0,0.581,0.0
full,200,1.0,0.9874,16098.2198,6385.5811,131.743,35.617,202.054,2868.327,1000,0.578,0.0,0.0,0.578,0.0
full,200,2.0,0.9843,16048.6637,6484.4249,131.417,35.338,202.161,2882.981,1000,0.574,0.0,0.0,0.574,0.0
full,200,3.0,0.9851,16078.6074,6715.9762,131.457,35.263,202.51,2898.845,1000,0.5839,0.0,0.0,0.5839,0.0
full,200,4.0,0.9835,16188.0505,7011.7649,131.813,35.337,202.951,2924.343,1000,0.5843,0.0,0.0,0.5843,0.0
full,200,6.0,0.971,14851.1159,7473.3631,121.3,36.791,203.211,2985.978,1000,1.6049,0.6269,0.5913,0.369,0.208
full,200,8.0,0.9442,16370.8654,8233.5334,124.21,34.609,202.832,3073.633,1000,1.7049,0.6972,0.6264,0.3625,0.6419
full,200,10.0,0.9206,17076.0776,9300.101,123.238,33.396,203.577,3168.574,1000,1.7633,0.6984,0.6529,0.3932,1.2531
full,200,12.0,0.864,17820.6317,10912.502,119.527,32.353,205.703,3365.152,1000,1.7889,0.6997,0.6655,0.4048,1.691
full,200,16.0,0.7779,20606.2435,14513.9298,114.788,30.521,205.913,3668.167,1000,1.8375,0.6998,0.6879,0.4307,2.0276
full,500,0.0,0.9967,16227.2755,6335.6364,132.216,35.572,501.361,6075.089,1000,1.243,0.0,0.0,1.243,0.0
full,500,1.0,0.996,16098.2198,6385.5811,131.743,35.617,501.843,6099.247,1000,1.2457,0.0,0.0,1.2457,0.0
full,500,2.0,0.996,16048.6637,6484.4249,131.417,35.338,502.914,6139.511,1000,1.2433,0.0,0.0,1.2433,0.0
full,500,3.0,0.9944,16078.6074,6715.9762,131.457,35.263,502.423,6177.205,1000,1.2616,0.0,0.0,1.2616,0.0
full,500,4.0,0.9926,16188.0505,7011.7649,131.813,35.337,502.76,6227.682,1000,2.5167,0.0,0.0,2.5167,0.0
full,500,6.0,0.9868,14851.1159,7473.3631,121.3,36.791,503.743,6391.573,1000,2.8636,0.6401,1.2544,0.9501,0.2081
full,500,8.0,0.9687,16370.8654,8233.5334,124.21,34.609,503.869,6639.515,1000,3.02,0.6981,1.3506,0.9506,0.6357
full,500,10.0,0.9492,17076.0776,9300.101,123.238,33.396,503.964,6894.742,1000,3.145,0.6977,1.4059,1.0207,1.2446
full,500,12.0,0.9102,17820.6317,10912.502,119.527,32.353,506.845,7326.272,1000,3.2406,0.7039,1.454,1.0618,1.6853
full,500,16.0,0.8483,20606.2435,14513.9298,114.788,30.521,506.859,8106.218,1000,3.3423,0.6979,1.5182,1.1056,2.0312
highway_only,10,0.0,0.8432,16227.2755,6335.6364,132.216,35.572,13.481,272.49,1000,0.0732,0.0,0.0,0.0732,0.0
highway_only,10,1.0,0.8288,16098.2198,6385.5811,131.743,35.617,13.414,272.078,1000,0.0725,0.0,0.0,0.0725,0.0
highway_only,10,2.0,0.8139,16048.6637,6484.4249,131.417,35.338,13.536,273.633,1000,0.0716,0.0,0.0,0.0716,0.0
highway_only,10,3.0,0.8038,16078.6074,6715.9762,131.457,35.263,13.688,278.687,1000,0.0729,0.0,0.0,0.0729,0.0
highway_only,10,4.0,0.7837,16188.0505,7011.7649,131.813,35.337,13.742,279.132,1000,0.0718,0.0,0.0,0.0718,0.0
highway_only,10,6.0,0.7034,16645.436,7954.4467,129.168,34.128,14.285,294.96,1000,0.0767,0.0,0.0,0.0767,0.0588
highway_only,10,8.0,0.6231,17420.8201,9018.1464,129.141,33.732,14.801,307.656,1000,0.0797,0.0,0.0,0.0797,0.1849
highway_only,10,10.0,0.5161,18514.2029,10331.6891,128.059,32.371,15.182,321.041,1000,0.0799,0.0,0.0,0.0799,0.2128
highway_only,10,12.0,0.421,19925.5841,11790.1056,128.416,31.649,15.617,337.871,1000,0.0798,0.0,0.0,0.0798,0.2345
highway_only,10,16.0,0.2919,23702.3425,15260.1397,127.827,30.457,16.236,362.966,1000,0.0798,0.0,0.0,0.0798,0.2516
highway_only,20,0.0,0.9057,16227.2755,6335.6364,132.216,35.572,23.246,444.946,1000,0.1084,0.0,0.0,0.1084,0.0
highway_only,20,1.0,0.9014,16098.2198,6385.5811,131.743,35.617,23.352,448.076,1000,0.1057,0.0,0.0,0.1057,0.0
highway_only,20,2.0,0.8906,16048.6637,6484.4249,131.417,35.338,23.555,452.216,1000,0.1045,0.0,0.0,0.1045,0.0
highway_only,20,3.0,0.8799,16078.6074,6715.9762,131.457,35.263,23.757,458.205,1000,0.1068,0.0,0.0,0.1068,0.0
highway_only,20,4.0,0.8661,16188.0505,7011.7649,131.813,35.337,23.832,460.145,1000,0.1053,0.0,0.0,0.1053,0.0
highway_only,20,6.0,0.8043,16645.436,7954.4467,129.168,34.128,24.675,484.388,1000,0.1134,0.0,0.0,0.1134,0.0354
highway_only,20,8.0,0.731,17420.8201,9018.1464,129.141,33.732,25.329,504.188,1000,0.1141,0.0,0.0,0.1141,0.0914
highway_only,20,10.0,0.6303,18514.2029,10331.6891,128.059,32.371,26.141,530.71,1000,0.1185,0.0,0.0,0.1185,0.1323
highway_only,20,12.0,0.5312,19925.5841,11790.1056,128.416,31.649,26.58,554.631,1000,0.1184,0.0,0.0,0.1184,0.1635
highway_only,20,16.0,0.4007,23702.3425,15260.1397,127.827,30.457,27.519,597.007,1000,0.12,0.0,0.0,0.12,0.1881
highway_only,50,0.0,0.9581,16227.2755,6335.6364,132.216,35.572,52.609,913.172,1000,0.1933,0.0,0.0,0.1933,0.0
highway_only,50,1.0,0.955,16098.2198,6385.5811,131.743,35.617,52.616,915.752,1000,0.1916,0.0,0.0,0.1916,0.0
highway_only,50,2.0,0.9492,16048.6637,6484.4249,131.417,35.338,52.937,920.709,1000,0.1898,0.0,0.0,0.1898,0.0
highway_only,50,3.0,0.9454,16078.6074,6715.9762,131.457,35.263,53.174,928.789,1000,0.1934,0.0,0.0,0.1934,0.0
highway_only,50,4.0,0.935,16188.0505,7011.7649,131.813,35.337,53.272,934.048,1000,0.1921,0.0,0.0,0.1921,0.0
highway_only,50,6.0,0.901,16645.436,7954.4467,129.168,34.128,54.924,981.299,1000,0.206,0.0,0.0,0.206,0.0401
highway_only,50,8.0,0.8468,17420.8201,9018.1464,129.141,33.732,55.631,1017.037,1000,0.2068,0.0,0.0,0.2068,0.0995
highway_only,50,10.0,0.7569,18514.2029,10331.6891,128.059,32.371,56.776,1067.247,1000,0.2163,0.0,0.0,0.2163,0.1395
highway_only,50,12.0,0.6784,19925.5841,11790.1056,128.416,31.649,57.765,1122.718,1000,0.2186,0.0,0.0,0.2186,0.1701
highway_only,50,16.0,0.5473,23702.3425,15260.1397,127.827,30.457,58.511,1201.602,1000,0.2208,0.0,0.0,0.2208,0.1946
highway_only,100,0.0,0.9788,16227.2755,6335.6364,132.216,35.572,102.201,1612.854,1000,0.333,0.0,0.0,0.333,0.0
highway_only,100,1.0,0.9747,16098.2198,6385.5811,131.743,35.617,102.208,1617.16,1000,0.3297,0.0,0.0,0.3297,0.0
highway_only,100,2.0,0.9703,16048.6637,6484.4249,131.417,35.338,102.484,1624.203,1000,0.3269,0.0,0.0,0.3269,0.0
highway_only,100,3.0,0.9685,16078.6074,6715.9762,131.457,35.263,102.799,1635.748,1000,0.333,0.0,0.0,0.333,0.0
highway_only,100,4.0,0.9655,16188.0505,7011.7649,131.813,35.337,103.046,1646.874,1000,0.3344,0.0,0.0,0.3344,0.0
highway_only,100,6.0,0.9415,16645.436,7954.4467,129.168,34.128,104.719,1713.343,1000,0.3527,0.0,0.0,0.3527,0.0415
highway_only,100,8.0,0.9009,17420.8201,9018.1464,129.141,33.732,105.804,1780.138,1000,0.3545,0.0,0.0,0.3545,0.1028
highway_only,100,10.0,0.8289,18514.2029,10331.6891,128.059,32.371,106.52,1853.94,1000,0.3713,0.0,0.0,0.3713,0.1434
highway_only,100,12.0,0.7574,19925.5841,11790.1056,128.416,31.649,107.9,1953.554,1000,0.3757,0.0,0.0,0.3757,0.1749
highway_only,100,16.0,0.6585,23702.3425,15260.1397,127.827,30.457,108.34,2095.721,1000,0.3769,0.0,0.0,0.3769,0.2002
highway_only,200,0.0,0.9891,16227.2755,6335.6364,132.216,35.572,201.816,2859.18,1000,0.572,0.0,0.0,0.572,0.0
highway_only,200,1.0,0.9874,16098.2198,6385.5811,131.743,35.617,202.054,2868.327,1000,0.5847,0.0,0.0,0.5847,0.0
highway_only,200,2.0,0.9843,16048.6637,6484.4249,131.417,35.338,202.161,2882.981,1000,0.5759,0.0,0.0,0.5759,0.0
highway_only,200,3.0,0.9851,16078.6074,6715.9762,131.457,35.263,202.51,2898.845,1000,0.5854,0.0,0.0,0.5854,0.0
highway_only,200,4.0,0.9835,16188.0505,7011.7649,131.813,35.337,202.951,2924.343,1000,0.5832,0.0,0.0,0.5832,0.0
highway_only,200,6.0,0.9665,16645.436,7954.4467,129.168,34.128,205.054,3030.718,1000,0.6107,0.0,0.0,0.6107,0.0433
highway_only,200,8.0,0.9307,17420.8201,9018.1464,129.141,33.732,205.272,3141.957,1000,0.6183,0.0,0.0,0.6183,0.1094
highway_only,200,10.0,0.8824,18514.2029,10331.6891,128.059,32.371,207.61,3303.276,1000,0.6466,0.0,0.0,0.6466,0.1518
highway_only,200,12.0,0.8212,19925.5841,11790.1056,128.416,31.649,208.4,3479.453,1000,0.6584,0.0,0.0,0.6584,0.1834
highway_only,200,16.0,0.7454,23702.3425,15260.1397,127.827,30.457,208.094,3753.799,1000,0.657,0.0,0.0,0.657,0.2172
highway_only,500,0.0,0.9967,16227.2755,6335.6364,132.216,35.572,501.361,6075.089,1000,1.2358,0.0,0.0,1.2358,0.0
highway_only,500,1.0,0.996,16098.2198,6385.5811,131.743,35.617,501.843,6099.247,1000,1.2489,0.0,0.0,1.2489,0.0
highway_only,500,2.0,0.996,16048.6637,6484.4249,131.417,35.338,502.914,6139.511,1000,1.2442,0.0,0.0,1.2442,0.0
highway_only,500,3.0,0.9944,16078.6074,6715.9762,131.457,35.263,502.423,6177.205,1000,1.2593,0.0,0.0,1.2593,0.0
highway_only,500,4.0,0.9926,16188.0505,7011.7649,131.813,35.337,502.76,6227.682,1000,1.2544,0.0,0.0,1.2544,0.0
highway_only,500,6.0,0.9846,16645.436,7954.4467,129.168,34.128,506.039,6445.689,1000,1.31,0.0,0.0,1.31,0.0458
highway_only,500,8.0,0.9607,17420.8201,9018.1464,129.141,33.732,507.498,6747.239,1000,1.338,0.0,0.0,1.338,0.1226
highway_only,500,10.0,0.9239,18514.2029,10331.6891,128.059,32.371,510.269,7118.583,1000,1.398,0.0,0.0,1.398,0.1786
highway_only,500,12.0,0.8825,19925.5841,11790.1056,128.416,31.649,512.596,7546.233,1000,1.4325,0.0,0.0,1.4325,0.2215
highway_only,500,16.0,0.8233,23702.3425,15260.1397,127.827,30.457,508.826,8239.202,1000,1.4684,0.0,0.0,1.4684,0.2558
no_adaptation,10,0.0,0.8432,16227.2755,6335.6364,132.216,35.572,13.481,272.49,1000,0.0753,0.0,0.0,0.0753,0.0
no_adaptation,10,1.0,0.8288,16098.2198,6385.5811,131.743,35.617,13.414,272.078,1000,0.0702,0.0,0.0,0.0702,0.0
no_adaptation,10,2.0,0.8139,16048.6637,6484.4249,131.417,35.338,13.536,273.633,1000,0.067,0.0,0.0,0.067,0.0
no_adaptation,10,3.0,0.8038,16078.6074,6715.9762,131.457,35.263,13.688,278.687,1000,0.0683,0.0,0.0,0.0683,0.0
no_adaptation,10,4.0,0.7837,16188.0505,7011.7649,131.813,35.337,13.742,279.132,1000,0.0674,0.0,0.0,0.0674,0.0
no_adaptation,10,6.0,0.7058,16645.436,7942.9637,129.145,34.065,14.276,294.376,1000,0.0702,0.0,0.0,0.0702,0.0
no_adaptation,10,8.0,0.626,17420.8201,9022.0104,128.917,33.672,14.911,309.45,1000,0.0711,0.0,0.0,0.0711,0.0
no_adaptation,10,10.0,0.5172,18514.2029,10328.4653,128.176,32.511,15.181,320.941,1000,0.0731,0.0,0.0,0.0731,0.0
no_adaptation,10,12.0,0.4241,19925.5841,11810.7554,128.199,31.53,15.691,339.332,1000,0.0734,0.0,0.0,0.0734,0.0
no_adaptation,10,16.0,0.2946,23702.3425,15270.9932,128.532,30.474,16.254,362.945,1000,0.072,0.0,0.0,0.072,0.0
no_adaptation,20,0.0,0.9057,16227.2755,6335.6364,132.216,35.572,23.246,444.946,1000,0.1031,0.0,0.0,0.1031,0.0
no_adaptation,20,1.0,0.9014,16098.2198,6385.5811,131.743,35.617,23.352,448.076,1000,0.1008,0.0,0.0,0.1008,0.0
no_adaptation,20,2.0,0.8906,16048.6637,6484.4249,131.417,35.338,23.555,452.216,1000,0.0991,0.0,0.0,0.0991,0.0
no_adaptation,20,3.0,0.8799,16078.6074,6715.9762,131.457,35.263,23.757,458.205,1000,0.1012,0.0,0.0,0.1012,0.0
no_adaptation,20,4.0,0.8661,16188.0505,7011.7649,131.813,35.337,23.832,460.145,1000,0.1002,0.0,0.0,0.1002,0.0
no_adaptation,20,6.0,0.8072,16645.436,7942.9637,129.145,34.065,24.707,484.637,1000,0.1052,0.0,0.0,0.1052,0.0
no_adaptation,20,8.0,0.7327,17420.8201,9022.0104,128.917,33.672,25.36,504.196,1000,0.1057,0.0,0.0,0.1057,0.0
no_adaptation,20,10.0,0.6299,18514.2029,10328.4653,128.176,32.511,26.108,529.728,1000,0.1108,0.0,0.0,0.1108,0.0
no_adaptation,20,12.0,0.5341,19925.5841,11810.7554,128.199,31.53,26.622,555.073,1000,0.1105,0.0,0.0,0.1105,0.0
no_adaptation,20,16.0,0.4037,23702.3425,15270.9932,128.532,30.474,27.583,597.817,1000,0.1084,0.0,0.0,0.1084,0.0
no_adaptation,50,0.0,0.9581,16227.2755,6335.6364,132.216,35.572,52.609,913.172,1000,0.1914,0.0,0.0,0.1914,0.0
no_adaptation,50,1.0,0.955,16098.2198,6385.5811,131.743,35.617,52.616,915.752,1000,0.1965,0.0,0.0,0.1965,0.0
no_adaptation,50,2.0,0.9492,16048.6637,6484.4249,131.417,35.338,52.937,920.709,1000,0.1904,0.0,0.0,0.1904,0.0
no_adaptation,50,3.0,0.9454,16078.6074,6715.9762,131.457,35.263,53.174,928.789,1000,0.1926,0.0,0.0,0.1926,0.0
no_adaptation,50,4.0,0.935,16188.0505,7011.7649,131.813,35.337,53.272,934.048,1000,0.1914,0.0,0.0,0.1914,0.0
no_adaptation,50,6.0,0.9023,16645.436,7942.9637,129.145,34.065,54.813,979.111,1000,0.2034,0.0,0.0,0.2034,0.0
no_adaptation,50,8.0,0.8469,17420.8201,9022.0104,128.917,33.672,55.549,1015.0,1000,0.2036,0.0,0.0,0.2036,0.0
no_adaptation,50,10.0,0.7574,18514.2029,10328.4653,128.176,32.511,56.756,1066.198,1000,0.2114,0.0,0.0,0.2114,0.0
no_adaptation,50,12.0,0.6804,19925.5841,11810.7554,128.199,31.53,57.812,1123.092,1000,0.2138,0.0,0.0,0.2138,0.0
no_adaptation,50,16.0,0.5505,23702.3425,15270.9932,128.532,30.474,58.598,1201.454,1000,0.2093,0.0,0.0,0.2093,0.0
no_adaptation,100,0.0,0.9788,16227.2755,6335.6364,132.216,35.572,102.201,1612.854,1000,0.3266,0.0,0.0,0.3266,0.0
no_adaptation,100,1.0,0.9747,16098.2198,6385.5811,131.743,35.617,102.208,1617.16,1000,0.3252,0.0,0.0,0.3252,0.0
no_adaptation,100,2.0,0.9703,16048.6637,6484.4249,131.417,35.338,102.484,1624.203,1000,0.321,0.0,0.0,0.321,0.0
no_adaptation,100,3.0,0.9685,16078.6074,6715.9762,131.457,35.263,102.799,1635.748,1000,0.3266,0.0,0.0,0.3266,0.0
no_adaptation,100,4.0,0.9655,16188.0505,7011.7649,131.813,35.337,103.046,1646.874,1000,0.3253,0.0,0.0,0.3253,0.0
no_adaptation,100,6.0,0.9425,16645.436,7942.9637,129.145,34.065,104.584,1710.087,1000,0.3395,0.0,0.0,0.3395,0.0
no_adaptation,100,8.0,0.9009,17420.8201,9022.0104,128.917,33.672,105.73,1778.679,1000,0.345,0.0,0.0,0.345,0.0
no_adaptation,100,10.0,0.8319,18514.2029,10328.4653,128.176,32.511,106.701,1854.647,1000,0.3589,0.0,0.0,0.3589,0.0
no_adaptation,100,12.0,0.759,19925.5841,11810.7554,128.199,31.53,107.962,1955.123,1000,0.3635,0.0,0.0,0.3635,0.0
no_adaptation,100,16.0,0.6606,23702.3425,15270.9932,128.532,30.474,108.305,2092.798,1000,0.3599,0.0,0.0,0.3599,0.0
no_adaptation,200,0.0,0.9891,16227.2755,6335.6364,132.216,35.572,201.816,2859.18,1000,0.5706,0.0,0.0,0.5706,0.0
no_adaptation,200,1.0,0.9874,16098.2198,6385.5811,131.743,35.617,202.054,2868.327,1000,0.5705,0.0,0.0,0.5705,0.0
no_adaptation,200,2.0,0.9843,16048.6637,6484.4249,131.417,35.338,202.161,2882.981,1000,0.5654,0.0,0.0,0.5654,0.0
no_adaptation,200,3.0,0.9851,16078.6074,6715.9762,131.457,35.263,202.51,2898.845,1000,0.5757,0.0,0.0,0.5757,0.0
no_adaptation,200,4.0,0.9835,16188.0505,7011.7649,131.813,35.337,202.951,2924.343,1000,0.5733,0.0,0.0,0.5733,0.0
no_adaptation,200,6.0,0.9675,16645.436,7942.9637,129.145,34.065,204.949,3026.491,1000,0.5962,0.0,0.0,0.5962,0.0
no_adaptation,200,8.0,0.9305,17420.8201,9022.0104,128.917,33.672,205.214,3141.505,1000,0.6049,0.0,0.0,0.6049,0.0
no_adaptation,200,10.0,0.8833,18514.2029,10328.4653,128.176,32.511,207.43,3296.067,1000,0.6331,0.0,0.0,0.6331,0.0
no_adaptation,200,12.0,0.8232,19925.5841,11810.7554,128.199,31.53,208.511,3479.805,1000,0.6421,0.0,0.0,0.6421,0.0
no_adaptation,200,16.0,0.7466,23702.3425,15270.9932,128.532,30.474,207.959,3747.814,1000,0.6404,0.0,0.0,0.6404,0.0
no_adaptation,500,0.0,0.9967,16227.2755,6335.6364,132.216,35.572,501.361,6075.089,1000,1.2303,0.0,0.0,1.2303,0.0
no_adaptation,500,1.0,0.996,16098.2198,6385.5811,131.743,35.617,501.843,6099.247,1000,1.2361,0.0,0.0,1.2361,0.0
no_adaptation,500,2.0,0.996,16048.6637,6484.4249,131.417,35.338,502.914,6139.511,1000,1.2286,0.0,0.0,1.2286,0.0
no_adaptation,500,3.0,0.9944,16078.6074,6715.9762,131.457,35.263,502.423,6177.205,1000,1.2493,0.0,0.0,1.2493,0.0
no_adaptation,500,4.0,0.9926,16188.0505,7011.7649,131.813,35.337,502.76,6227.682,1000,1.2462,0.0,0.0,1.2462,0.0
no_adaptation,500,6.0,0.9856,16645.436,7942.9637,129.145,34.065,505.957,6438.611,1000,1.2984,0.0,0.0,1.2984,0.0
no_adaptation,500,8.0,0.9607,17420.8201,9022.0104,128.917,33.672,507.405,6745.413,1000,1.326,0.0,0.0,1.326,0.0
no_adaptation,500,10.0,0.9248,18514.2029,10328.4653,128.176,32.511,510.164,7108.549,1000,1.3838,0.0,0.0,1.3838,0.0
no_adaptation,500,12.0,0.8836,19925.5841,11810.7554,128.199,31.53,512.569,7542.624,1000,1.4223,0.0,0.0,1.4223,0.0
no_adaptation,500,16.0,0.8243,23702.3425,15270.9932,128.532,30.474,508.87,8232.208,1000,1.4517,0.0,0.0,1.4517,0.0
pool_highway,10,0.0,0.8432,16227.2755,6335.6364,132.216,35.572,13.481,272.49,1000,0.0723,0.0,0.0,0.0723,0.0
pool_highway,10,1.0,0.8288,16098.2198,6385.5811,131.743,35.617,13.414,272.078,1000,0.0736,0.0,0.0,0.0736,0.0
pool_highway,10,2.0,0.8139,16048.6637,6484.4249,131.417,35.338,13.536,273.633,1000,0.071,0.0,0.0,0.071,0.0
pool_highway,10,3.0,0.8038,16078.6074,6715.9762,131.457,35.263,13.688,278.687,1000,0.0742,0.0,0.0,0.0742,0.0
pool_highway,10,4.0,0.7837,16188.0505,7011.7649,131.813,35.337,13.742,279.132,1000,0.0719,0.0,0.0,0.0719,0.0
pool_highway,10,6.0,0.7525,14871.9141,7498.1075,121.356,36.978,13.524,276.96,1000,0.8163,0.6634,0.079,0.0571,0.0799
pool_highway,10,8.0,0.6993,15913.4488,8289.9955,120.861,35.064,13.951,288.893,1000,0.9383,0.7764,0.0853,0.0587,0.2484
pool_highway,10,10.0,0.6133,17097.2183,9597.2698,119.302,34.603,14.34,300.199,1000,0.9666,0.7956,0.0897,0.063,0.4891
pool_highway,10,12.0,0.5204,18988.3439,11084.9299,116.707,32.642,14.472,309.261,1000,0.9715,0.8006,0.0878,0.0651,0.6533
pool_highway,10,16.0,0.375,23660.3101,14567.8777,119.717,32.368,15.007,332.148,1000,0.9762,0.8034,0.0869,0.0675,0.7899
pool_highway,20,0.0,0.9057,16227.2755,6335.6364,132.216,35.572,23.246,444.946,1000,0.1059,0.0,0.0,0.1059,0.0
pool_highway,20,1.0,0.9014,16098.2198,6385.5811,131.743,35.617,23.352,448.076,1000,0.1052,0.0,0.0,0.1052,0.0
pool_highway,20,2.0,0.8906,16048.6637,6484.4249,131.417,35.338,23.555,452.216,1000,0.1064,0.0,0.0,0.1064,0.0
pool_highway,20,3.0,0.8799,16078.6074,6715.9762,131.457,35.263,23.757,458.205,1000,0.1057,0.0,0.0,0.1057,0.0
pool_highway,20,4.0,0.8661,16188.0505,7011.7649,131.813,35.337,23.832,460.145,1000,0.1051,0.0,0.0,0.1051,0.0
pool_highway,20,6.0,0.8365,14871.9141,7498.1075,121.356,36.978,23.767,463.273,1000,0.873,0.6627,0.1179,0.0759,0.0706
pool_highway,20,8.0,0.7913,15913.4488,8289.9955,120.861,35.064,24.093,476.055,1000,1.0036,0.7807,0.1267,0.0784,0.2348
pool_highway,20,10.0,0.7131,17097.2183,9597.2698,119.302,34.603,24.722,496.784,1000,1.0376,0.7981,0.1351,0.0865,0.4761
pool_highway,20,12.0,0.6228,18988.3439,11084.9299,116.707,32.642,25.295,519.756,1000,1.0426,0.7992,0.1346,0.0906,0.6456
pool_highway,20,16.0,0.4842,23660.3101,14567.8777,119.717,32.368,26.324,564.027,1000,1.0458,0.7993,0.1334,0.095,0.7853
pool_highway,50,0.0,0.9581,16227.2755,6335.6364,132.216,35.572,52.609,913.172,1000,0.1958,0.0,0.0,0.1958,0.0
pool_highway,50,1.0,0.955,16098.2198,6385.5811,131.743,35.617,52.616,915.752,1000,0.1945,0.0,0.0,0.1945,0.0
pool_highway,50,2.0,0.9492,16048.6637,6484.4249,131.417,35.338,52.937,920.709,1000,0.1925,0.0,0.0,0.1925,0.0
pool_highway,50,3.0,0.9454,16078.6074,6715.9762,131.457,35.263,53.174,928.789,1000,0.1958,0.0,0.0,0.1958,0.0
pool_highway,50,4.0,0.935,16188.0505,7011.7649,131.813,35.337,53.272,934.048,1000,0.1968,0.0,0.0,0.1968,0.0
pool_highway,50,6.0,0.9159,14871.9141,7498.1075,121.356,36.978,53.463,950.282,1000,1.0101,0.6557,0.2103,0.1271,0.073
pool_highway,50,8.0,0.8823,15913.4488,8289.9955,120.861,35.064,53.787,973.679,1000,1.1576,0.7872,0.2237,0.1286,0.2403
pool_highway,50,10.0,0.8202,17097.2183,9597.2698,119.302,34.603,54.732,1013.41,1000,1.1983,0.8071,0.2335,0.1395,0.4837
pool_highway,50,12.0,0.7457,18988.3439,11084.9299,116.707,32.642,56.114,1070.732,1000,1.2126,0.8094,0.2375,0.1473,0.6547
pool_highway,50,16.0,0.6101,23660.3101,14567.8777,119.717,32.368,57.317,1160.302,1000,1.2145,0.8058,0.2382,0.152,0.7959
pool_highway,100,0.0,0.9788,16227.2755,6335.6364,132.216,35.572,102.201,1612.854,1000,0.3354,0.0,0.0,0.3354,0.0
pool_highway,100,1.0,0.9747,16098.2198,6385.5811,131.743,35.617,102.208,1617.16,1000,0.3297,0.0,0.0,0.3297,0.0
pool_highway,100,2.0,0.9703,16048.6637,6484.4249,131.417,35.338,102.484,1624.203,1000,0.3286,0.0,0.0,0.3286,0.0
pool_highway,100,3.0,0.9685,16078.6074,6715.9762,131.457,35.263,102.799,1635.748,1000,0.3313,0.0,0.0,0.3313,0.0
pool_highway,100,4.0,0.9655,16188.0505,7011.7649,131.813,35.337,103.046,1646.874,1000,0.3302,0.0,0.0,0.3302,0.0
pool_highway,100,6.0,0.9502,14871.9141,7498.1075,121.356,36.978,103.092,1677.669,1000,1.2243,0.6497,0.3525,0.2047,0.0746
pool_highway,100,8.0,0.9242,15913.4488,8289.9955,120.861,35.064,103.477,1720.46,1000,1.3239,0.7301,0.3695,0.2058,0.2471
pool_highway,100,10.0,0.877,17097.2183,9597.2698,119.302,34.603,104.648,1789.32,1000,1.3437,0.7249,0.3795,0.2208,0.4901
pool_highway,100,12.0,0.8136,18988.3439,11084.9299,116.707,32.642,105.655,1876.837,1000,1.3554,0.7237,0.3825,0.2305,0.653
pool_highway,100,16.0,0.703,23660.3101,14567.8777,119.717,32.368,106.488,2032.306,1000,1.3854,0.7217,0.4018,0.2433,0.7877
pool_highway,200,0.0,0.9891,16227.2755,6335.6364,132.216,35.572,201.816,2859.18,1000,0.5801,0.0,0.0,0.5801,0.0
pool_highway,200,1.0,0.9874,16098.2198,6385.5811,131.743,35.617,202.054,2868.327,1000,0.5801,0.0,0.0,0.5801,0.0
pool_highway,200,2.0,0.9843,16048.6637,6484.4249,131.417,35.338,202.161,2882.981,1000,0.5804,0.0,0.0,0.5804,0.0
pool_highway,200,3.0,0.9851,16078.6074,6715.9762,131.457,35.263,202.51,2898.845,1000,0.5877,0.0,0.0,0.5877,0.0
pool_highway,200,4.0,0.9835,16188.0505,7011.7649,131.813,35.337,202.951,2924.343,1000,0.5861,0.0,0.0,0.5861,0.0
pool_highway,200,6.0,0.9711,14871.9141,7498.1075,121.356,36.978,203.285,2989.094,1000,1.6223,0.6302,0.6007,0.3736,0.0764
pool_highway,200,8.0,0.9493,15913.4488,8289.9955,120.861,35.064,203.061,3070.815,1000,1.7115,0.7002,0.6267,0.3661,0.2477
pool_highway,200,10.0,0.9175,17097.2183,9597.2698,119.302,34.603,204.368,3191.332,1000,1.8019,0.719,0.6628,0.4012,0.5544
pool_highway,200,12.0,0.8672,18988.3439,11084.9299,116.707,32.642,205.789,3361.01,1000,1.802,0.7017,0.669,0.4124,0.7733
pool_highway,200,16.0,0.78,23660.3101,14567.8777,119.717,32.368,206.126,3669.71,1000,1.8552,0.7052,0.6983,0.4328,0.8965
pool_highway,500,0.0,0.9967,16227.2755,6335.6364,132.216,35.572,501.361,6075.089,1000,1.2578,0.0,0.0,1.2578,0.0
pool_highway,500,1.0,0.996,16098.2198,6385.5811,131.743,35.617,501.843,6099.247,1000,1.2554,0.0,0.0,1.2554,0.0
pool_highway,500,2.0,0.996,16048.6637,6484.4249,131.417,35.338,502.914,6139.511,1000,1.2639,0.0,0.0,1.2639,0.0
pool_highway,500,3.0,0.9944,16078.6074,6715.9762,131.457,35.263,502.423,6177.205,1000,1.2705,0.0,0.0,1.2705,0.0
pool_highway,500,4.0,0.9926,16188.0505,7011.7649,131.813,35.337,502.76,6227.682,1000,1.2744,0.0,0.0,1.2744,0.0
pool_highway,500,6.0,0.9868,14871.9141,7498.1075,121.356,36.978,503.808,6395.325,1000,2.8811,0.6383,1.2642,0.9598,0.0793
pool_highway,500,8.0,0.9718,15913.4488,8289.9955,120.861,35.064,503.349,6622.729,1000,3.0415,0.702,1.3562,0.9632,0.2523
pool_highway,500,10.0,0.95,17097.2183,9597.2698,119.302,34.603,505.463,6904.89,1000,3.2167,0.7283,1.4238,1.044,0.5062
pool_highway,500,12.0,0.9143,18988.3439,11084.9299,116.707,32.642,506.892,7302.213,1000,3.2447,0.7031,1.4514,1.0695,0.6854
pool_highway,500,16.0,0.8491,23660.3101,14567.8777,119.717,32.368,506.832,8104.353,1000,3.3548,0.7022,1.5281,1.1041,0.8351
pool_only,10,0.0,0.8432,16227.2755,6335.6364,132.216,35.572,13.481,272.49,1000,0.0722,0.0,0.0,0.0722,0.0
pool_only,10,1.0,0.8288,16098.2198,6385.5811,131.743,35.617,13.414,272.078,1000,0.0739,0.0,0.0,0.0739,0.0
pool_only,10,2.0,0.8139,16048.6637,6484.4249,131.417,35.338,13.536,273.633,1000,0.0716,0.0,0.0,0.0716,0.0
pool_only,10,3.0,0.8038,16078.6074,6715.9762,131.457,35.263,13.688,278.687,1000,0.0736,0.0,0.0,0.0736,0.0
pool_only,10,4.0,0.7837,16188.0505,7011.7649,131.813,35.337,13.742,279.132,1000,0.0728,0.0,0.0,0.0728,0.0
pool_only,10,6.0,0.7533,14873.1248,7489.3195,121.435,37.02,13.518,276.767,1000,0.8097,0.6587,0.0784,0.0562,0.0535
pool_only,10,8.0,0.7,15794.7497,8290.7718,120.326,35.186,13.902,287.743,1000,0.9336,0.78,0.0803,0.0556,0.1784
pool_only,10,10.0,0.6143,17096.4652,9599.6069,119.519,34.385,14.332,299.566,1000,0.9623,0.8013,0.0839,0.0594,0.3539
pool_only,10,12.0,0.5403,18666.3114,11077.6457,115.823,33.094,14.535,309.631,1000,0.9685,0.8045,0.0828,0.0633,0.4701
pool_only,10,16.0,0.3719,21324.6108,14623.3466,110.364,32.773,15.278,339.209,1000,0.9638,0.8039,0.0775,0.0646,0.5681
pool_only,20,0.0,0.9057,16227.2755,6335.6364,132.216,35.572,23.246,444.946,1000,0.1068,0.0,0.0,0.1068,0.0
pool_only,20,1.0,0.9014,16098.2198,6385.5811,131.743,35.617,23.352,448.076,1000,0.1047,0.0,0.0,0.1047,0.0
pool_only,20,2.0,0.8906,16048.6637,6484.4249,131.417,35.338,23.555,452.216,1000,0.1042,0.0,0.0,0.1042,0.0
pool_only,20,3.0,0.8799,16078.6074,6715.9762,131.457,35.263,23.757,458.205,1000,0.1055,0.0,0.0,0.1055,0.0
pool_only,20,4.0,0.8661,16188.0505,7011.7649,131.813,35.337,23.832,460.145,1000,0.1049,0.0,0.0,0.1049,0.0
pool_only,20,6.0,0.8374,14873.1248,7489.3195,121.435,37.02,23.761,463.053,1000,0.8764,0.6661,0.1176,0.0763,0.053
pool_only,20,8.0,0.7914,15794.7497,8290.7718,120.326,35.186,24.039,474.893,1000,1.0023,0.7846,0.1228,0.0775,0.1789
pool_only,20,10.0,0.7122,17096.4652,9599.6069,119.519,34.385,24.722,495.398,1000,1.0213,0.7936,0.1268,0.0831,0.3564
pool_only,20,12.0,0.6428,18666.3114,11077.6457,115.823,33.094,25.239,516.428,1000,1.0336,0.8025,0.1258,0.0875,0.475
pool_only,20,16.0,0.4811,21324.6108,14623.3466,110.364,32.773,26.53,571.328,1000,1.2555,1.0174,0.1257,0.094,0.5743
pool_only,50,0.0,0.9581,16227.2755,6335.6364,132.216,35.572,52.609,913.172,1000,0.1963,0.0,0.0,0.1963,0.0
pool_only,50,1.0,0.955,16098.2198,6385.5811,131.743,35.617,52.616,915.752,1000,0.1952,0.0,0.0,0.1952,0.0
pool_only,50,2.0,0.9492,16048.6637,6484.4249,131.417,35.338,52.937,920.709,1000,0.1933,0.0,0.0,0.1933,0.0
pool_only,50,3.0,0.9454,16078.6074,6715.9762,131.457,35.263,53.174,928.789,1000,0.197,0.0,0.0,0.197,0.0
pool_only,50,4.0,0.935,16188.0505,7011.7649,131.813,35.337,53.272,934.048,1000,0.1979,0.0,0.0,0.1979,0.0
pool_only,50,6.0,0.9158,14873.1248,7489.3195,121.435,37.02,53.409,949.288,1000,1.021,0.6629,0.2121,0.1275,0.0537
pool_only,50,8.0,0.8813,15794.7497,8290.7718,120.326,35.186,53.691,971.921,1000,1.159,0.7925,0.2218,0.1264,0.1817
pool_only,50,10.0,0.8209,17096.4652,9599.6069,119.519,34.385,54.774,1011.576,1000,1.1977,0.8054,0.235,0.1386,0.3615
pool_only,50,12.0,0.7648,18666.3114,11077.6457,115.823,33.094,55.797,1058.094,1000,1.2089,0.81,0.2331,0.1473,0.4801
pool_only,50,16.0,0.6079,21324.6108,14623.3466,110.364,32.773,57.46,1168.27,1000,1.2186,0.8099,0.2366,0.1534,0.58
pool_only,100,0.0,0.9788,16227.2755,6335.6364,132.216,35.572,102.201,1612.854,1000,0.3328,0.0,0.0,0.3328,0.0
pool_only,100,1.0,0.9747,16098.2198,6385.5811,131.743,35.617,102.208,1617.16,1000,0.3294,0.0,0.0,0.3294,0.0
pool_only,100,2.0,0.9703,16048.6637,6484.4249,131.417,35.338,102.484,1624.203,1000,0.3264,0.0,0.0,0.3264,0.0
pool_only,100,3.0,0.9685,16078.6074,6715.9762,131.457,35.263,102.799,1635.748,1000,0.3331,0.0,0.0,0.3331,0.0
pool_only,100,4.0,0.9655,16188.0505,7011.7649,131.813,35.337,103.046,1646.874,1000,0.3311,0.0,0.0,0.3311,0.0
pool_only,100,6.0,0.9501,14873.1248,7489.3195,121.435,37.02,103.034,1676.518,1000,1.2283,0.6557,0.3479,0.2055,0.0531
pool_only,100,8.0,0.923,15794.7497,8290.7718,120.326,35.186,103.401,1719.003,1000,1.3336,0.7305,0.3766,0.2079,0.1774
pool_only,100,10.0,0.8791,17096.4652,9599.6069,119.519,34.385,104.628,1784.305,1000,1.3551,0.7256,0.3891,0.2216,0.352
pool_only,100,12.0,0.8309,18666.3114,11077.6457,115.823,33.094,105.481,1863.331,1000,1.3761,0.7385,0.3846,0.2338,0.469
pool_only,100,16.0,0.7009,21324.6108,14623.3466,110.364,32.773,106.445,2038.433,1000,1.3764,0.7244,0.3917,0.2416,0.5647
pool_only,200,0.0,0.9891,16227.2755,6335.6364,132.216,35.572,201.816,2859.18,1000,0.5811,0.0,0.0,0.5811,0.0
pool_only,200,1.0,0.9874,16098.2198,6385.5811,131.743,35.617,202.054,2868.327,1000,0.5822,0.0,0.0,0.5822,0.0
pool_only,200,2.0,0.9843,16048.6637,6484.4249,131.417,35.338,202.161,2882.981,1000,0.5784,0.0,0.0,0.5784,0.0
pool_only,200,3.0,0.9851,16078.6074,6715.9762,131.457,35.263,202.51,2898.845,1000,0.5875,0.0,0.0,0.5875,0.0
pool_only,200,4.0,0.9835,16188.0505,7011.7649,131.813,35.337,202.951,2924.343,1000,0.5891,0.0,0.0,0.5891,0.0
pool_only,200,6.0,0.971,14873.1248,7489.3195,121.435,37.02,203.237,2988.198,1000,1.6257,0.6358,0.5983,0.3733,0.0531
pool_only,200,8.0,0.9481,15794.7497,8290.7718,120.326,35.186,202.978,3069.784,1000,1.7136,0.7045,0.6264,0.3638,0.1764
pool_only,200,10.0,0.9184,17096.4652,9599.6069,119.519,34.385,204.115,3180.58,1000,1.784,0.7137,0.6558,0.3955,0.3494
pool_only,200,12.0,0.8808,18666.3114,11077.6457,115.823,33.094,205.368,3334.073,1000,1.7939,0.7056,0.6586,0.4106,0.4624
pool_only,200,16.0,0.7806,21324.6108,14623.3466,110.364,32.773,206.273,3681.631,1000,1.8473,0.7099,0.688,0.4304,0.5571
pool_only,500,0.0,0.9967,16227.2755,6335.6364,132.216,35.572,501.361,6075.089,1000,1.2584,0.0,0.0,1.2584,0.0
pool_only,500,1.0,0.996,16098.2198,6385.5811,131.743,35.617,501.843,6099.247,1000,1.2654,0.0,0.0,1.2654,0.0
pool_only,500,2.0,0.996,16048.6637,6484.4249,131.417,35.338,502.914,6139.511,1000,1.2572,0.0,0.0,1.2572,0.0
pool_only,500,3.0,0.9944,16078.6074,6715.9762,131.457,35.263,502.423,6177.205,1000,1.2754,0.0,0.0,1.2754,0.0
pool_only,500,4.0,0.9926,16188.0505,7011.7649,131.813,35.337,502.76,6227.682,1000,1.2696,0.0,0.0,1.2696,0.0
pool_only,500,6.0,0.9868,14873.1248,7489.3195,121.435,37.02,503.762,6394.492,1000,2.9057,0.6533,1.2687,0.9645,0.0562
pool_only,500,8.0,0.9708,15794.7497,8290.7718,120.326,35.186,503.264,6623.521,1000,3.0633,0.713,1.3629,0.967,0.1791
pool_only,500,10.0,0.949,17096.4652,9599.6069,119.519,34.385,504.998,6894.402,1000,3.1856,0.7145,1.4206,1.0298,0.349
pool_only,500,12.0,0.9255,18666.3114,11077.6457,115.823,33.094,506.513,7255.533,1000,3.2497,0.721,1.4411,1.0667,0.4594
pool_only,500,16.0,0.8525,21324.6108,14623.3466,110.364,32.773,508.06,8133.361,1000,3.3526,0.711,1.5261,1.0947,0.5527
pool_rewire,10,0.0,0.8432,16227.2755,6335.6364,132.216,35.572,13.481,272.49,1000,0.0718,0.0,0.0,0.0718,0.0
pool_rewire,10,1.0,0.8288,16098.2198,6385.5811,131.743,35.617,13.414,272.078,1000,0.0722,0.0,0.0,0.0722,0.0
pool_rewire,10,2.0,0.8139,16048.6637,6484.4249,131.417,35.338,13.536,273.633,1000,0.0724,0.0,0.0,0.0724,0.0
pool_rewire,10,3.0,0.8038,16078.6074,6715.9762,131.457,35.263,13.688,278.687,1000,0.0723,0.0,0.0,0.0723,0.0
pool_rewire,10,4.0,0.7837,16188.0505,7011.7649,131.813,35.337,13.742,279.132,1000,0.0712,0.0,0.0,0.0712,0.0
pool_rewire,10,6.0,0.754,14851.1159,7473.3631,121.3,36.791,13.505,276.342,1000,0.8022,0.6535,0.0766,0.0558,0.1765
pool_rewire,10,8.0,0.6931,16370.8654,8233.5334,124.21,34.609,13.667,281.953,1000,0.9271,0.7717,0.0815,0.0564,0.5599
pool_rewire,10,10.0,0.6225,17076.0776,9300.101,123.238,33.396,13.784,285.965,1000,0.9529,0.7948,0.0825,0.0579,1.088
pool_rewire,10,12.0,0.5146,17820.6317,10912.502,119.527,32.353,14.17,302.746,1000,0.9552,0.799,0.0797,0.0586,1.4643
pool_rewire,10,16.0,0.3711,20606.2435,14513.9298,114.788,30.521,14.889,328.418,1000,0.9539,0.8,0.0766,0.0592,1.7516
pool_rewire,20,0.0,0.9057,16227.2755,6335.6364,132.216,35.572,23.246,444.946,1000,0.1064,0.0,0.0,0.1064,0.0
pool_rewire,20,1.0,0.9014,16098.2198,6385.5811,131.743,35.617,23.352,448.076,1000,0.1071,0.0,0.0,0.1071,0.0
pool_rewire,20,2.0,0.8906,16048.6637,6484.4249,131.417,35.338,23.555,452.216,1000,0.1052,0.0,0.0,0.1052,0.0
pool_rewire,20,3.0,0.8799,16078.6074,6715.9762,131.457,35.263,23.757,458.205,1000,0.1087,0.0,0.0,0.1087,0.0
pool_rewire,20,4.0,0.8661,16188.0505,7011.7649,131.813,35.337,23.832,460.145,1000,0.106,0.0,0.0,0.106,0.0
pool_rewire,20,6.0,0.837,14851.1159,7473.3631,121.3,36.791,23.743,462.481,1000,0.8748,0.662,0.1193,0.0767,0.1859
pool_rewire,20,8.0,0.7892,16370.8654,8233.5334,124.21,34.609,23.866,470.886,1000,1.0,0.7825,0.1232,0.0766,0.5817
pool_rewire,20,10.0,0.7219,17076.0776,9300.101,123.238,33.396,24.206,482.009,1000,1.3975,1.1276,0.1451,0.1008,1.134
pool_rewire,20,12.0,0.6181,17820.6317,10912.502,119.527,32.353,24.841,510.844,1000,1.3625,1.0945,0.1443,0.1005,1.6973
pool_rewire,20,16.0,0.4748,20606.2435,14513.9298,114.788,30.521,26.268,562.798,1000,1.0294,0.7942,0.1281,0.0889,1.9863
pool_rewire,50,0.0,0.9581,16227.2755,6335.6364,132.216,35.572,52.609,913.172,1000,0.194,0.0,0.0,0.194,0.0
pool_rewire,50,1.0,0.955,16098.2198,6385.5811,131.743,35.617,52.616,915.752,1000,0.1964,0.0,0.0,0.1964,0.0
pool_rewire,50,2.0,0.9492,16048.6637,6484.4249,131.417,35.338,52.937,920.709,1000,0.1916,0.0,0.0,0.1916,0.0
pool_rewire,50,3.0,0.9454,16078.6074,6715.9762,131.457,35.263,53.174,928.789,1000,0.1956,0.0,0.0,0.1956,0.0
pool_rewire,50,4.0,0.935,16188.0505,7011.7649,131.813,35.337,53.272,934.048,1000,0.1937,0.0,0.0,0.1937,0.0
pool_rewire,50,6.0,0.9164,14851.1159,7473.3631,121.3,36.791,53.388,948.454,1000,1.0143,0.6551,0.2162,0.1261,0.1805
pool_rewire,50,8.0,0.8771,16370.8654,8233.5334,124.21,34.609,53.581,969.244,1000,1.152,0.7852,0.2246,0.1239,0.5643
pool_rewire,50,10.0,0.8261,17076.0776,9300.101,123.238,33.396,54.225,996.608,1000,1.1878,0.8041,0.2303,0.1353,1.1051
pool_rewire,50,12.0,0.7428,17820.6317,10912.502,119.527,32.353,55.464,1057.994,1000,1.1896,0.7989,0.2324,0.14,1.493
pool_rewire,50,16.0,0.6055,20606.2435,14513.9298,114.788,30.521,57.313,1159.418,1000,1.2115,0.8093,0.2354,0.1483,1.7912
pool_rewire,100,0.0,0.9788,16227.2755,6335.6364,132.216,35.572,102.201,1612.854,1000,0.3349,0.0,0.0,0.3349,0.0
pool_rewire,100,1.0,0.9747,16098.2198,6385.5811,131.743,35.617,102.208,1617.16,1000,0.3333,0.0,0.0,0.3333,0.0
pool_rewire,100,2.0,0.9703,16048.6637,6484.4249,131.417,35.338,102.484,1624.203,1000,0.3285,0.0,0.0,0.3285,0.0
pool_rewire,100,3.0,0.9685,16078.6074,6715.9762,131.457,35.263,102.799,1635.748,1000,0.3362,0.0,0.0,0.3362,0.0
pool_rewire,100,4.0,0.9655,16188.0505,7011.7649,131.813,35.337,103.046,1646.874,1000,0.3333,0.0,0.0,0.3333,0.0
pool_rewire,100,6.0,0.9501,14851.1159,7473.3631,121.3,36.791,103.007,1674.942,1000,1.2456,0.6602,0.3611,0.2067,0.1812
pool_rewire,100,8.0,0.9191,16370.8654,8233.5334,124.21,34.609,103.196,1717.298,1000,1.3225,0.7293,0.3726,0.2023,0.5698
pool_rewire,100,10.0,0.8804,17076.0776,9300.101,123.238,33.396,103.664,1763.548,1000,1.3392,0.7286,0.3757,0.2164,1.0992
pool_rewire,100,12.0,0.8072,17820.6317,10912.502,119.527,32.353,105.073,1866.764,1000,1.3659,0.734,0.385,0.2284,1.4748
pool_rewire,100,16.0,0.7018,20606.2435,14513.9298,114.788,30.521,106.296,2028.701,1000,1.3744,0.7294,0.3896,0.2368,1.7634
pool_rewire,200,0.0,0.9891,16227.2755,6335.6364,132.216,35.572,201.816,2859.18,1000,0.5853,0.0,0.0,0.5853,0.0
pool_rewire,200,1.0,0.9874,16098.2198,6385.5811,131.743,35.617,202.054,2868.327,1000,0.5891,0.0,0.0,0.5891,0.0
pool_rewire,200,2.0,0.9843,16048.6637,6484.4249,131.417,35.338,202.161,2882.981,1000,0.5776,0.0,0.0,0.5776,0.0
pool_rewire,200,3.0,0.9851,16078.6074,6715.9762,131.457,35.263,202.51,2898.845,1000,0.5935,0.0,0.0,0.5935,0.0
pool_rewire,200,4.0,0.9835,16188.0505,7011.7649,131.813,35.337,202.951,2924.343,1000,0.5871,0.0,0.0,0.5871,0.0
pool_rewire,200,6.0,0.971,14851.1159,7473.3631,121.3,36.791,203.211,2985.978,1000,1.6168,0.6378,0.591,0.3701,0.1858
pool_rewire,200,8.0,0.9442,16370.8654,8233.5334,124.21,34.609,202.832,3073.633,1000,1.7268,0.7092,0.635,0.3638,0.5694
pool_rewire,200,10.0,0.9206,17076.0776,9300.101,123.238,33.396,203.577,3168.574,1000,1.7712,0.7054,0.6525,0.3944,1.1008
pool_rewire,200,12.0,0.864,17820.6317,10912.502,119.527,32.353,205.703,3365.152,1000,1.8074,0.7114,0.6703,0.4066,1.481
pool_rewire,200,16.0,0.7779,20606.2435,14513.9298,114.788,30.521,205.913,3668.167,1000,1.8547,0.7174,0.689,0.4293,1.7758
pool_rewire,500,0.0,0.9967,16227.2755,6335.6364,132.216,35.572,501.361,6075.089,1000,1.2622,0.0,0.0,1.2622,0.0
pool_rewire,500,1.0,0.996,16098.2198,6385.5811,131.743,35.617,501.843,6099.247,1000,1.266,0.0,0.0,1.266,0.0
pool_rewire,500,2.0,0.996,16048.6637,6484.4249,131.417,35.338,502.914,6139.511,1000,1.2586,0.0,0.0,1.2586,0.0
pool_rewire,500,3.0,0.9944,16078.6074,6715.9762,131.457,35.263,502.423,6177.205,1000,1.276,0.0,0.0,1.276,0.0
pool_rewire,500,4.0,0.9926,16188.0505,7011.7649,131.813,35.337,502.76,6227.682,1000,1.2727,0.0,0.0,1.2727,0.0
pool_rewire,500,6.0,0.9868,14851.1159,7473.3631,121.3,36.791,503.743,6391.573,1000,2.9156,0.652,1.2784,0.9654,0.1881
pool_rewire,500,8.0,0.9687,16370.8654,8233.5334,124.21,34.609,503.869,6639.515,1000,3.1063,0.7367,1.375,0.9737,0.5714
pool_rewire,500,10.0,0.9492,17076.0776,9300.101,123.238,33.396,503.964,6894.742,1000,3.1841,0.7169,1.4138,1.0328,1.1035
pool_rewire,500,12.0,0.9102,17820.6317,10912.502,119.527,32.353,506.845,7326.272,1000,3.2764,0.7234,1.4638,1.0679,1.478
pool_rewire,500,16.0,0.8483,20606.2435,14513.9298,114.788,30.521,506.859,8106.218,1000,3.3499,0.7141,1.5208,1.094,1.7666
rewire_only,10,0.0,0.8432,16227.2755,6335.6364,132.216,35.572,13.481,272.49,1000,0.0731,0.0,0.0,0.0731,0.0
rewire_only,10,1.0,0.8288,16098.2198,6385.5811,131.743,35.617,13.414,272.078,1000,0.0728,0.0,0.0,0.0728,0.0
rewire_only,10,2.0,0.8139,16048.6637,6484.4249,131.417,35.338,13.536,273.633,1000,0.072,0.0,0.0,0.072,0.0
rewire_only,10,3.0,0.8038,16078.6074,6715.9762,131.457,35.263,13.688,278.687,1000,0.0736,0.0,0.0,0.0736,0.0
rewire_only,10,4.0,0.7837,16188.0505,7011.7649,131.813,35.337,13.742,279.132,1000,0.0724,0.0,0.0,0.0724,0.0
rewire_only,10,6.0,0.7049,16645.436,7944.0434,129.495,34.26,14.259,294.158,1000,0.0752,0.0,0.0,0.0752,0.2588
rewire_only,10,8.0,0.6276,17420.8201,8769.9153,131.814,33.21,14.467,299.661,1000,0.0787,0.0,0.0,0.0787,0.7018
rewire_only,10,10.0,0.5273,18514.2029,10103.5448,130.262,31.094,14.867,314.23,1000,0.0782,0.0,0.0,0.0782,1.0188
rewire_only,10,12.0,0.4292,19925.5841,11575.3586,131.624,30.678,15.271,329.377,1000,0.0803,0.0,0.0,0.0803,1.2538
rewire_only,10,16.0,0.2984,23702.3425,15084.3856,130.89,28.71,15.857,353.521,1000,0.0841,0.0,0.0,0.0841,1.4215
rewire_only,20,0.0,0.9057,16227.2755,6335.6364,132.216,35.572,23.246,444.946,1000,0.1047,0.0,0.0,0.1047,0.0
rewire_only,20,1.0,0.9014,16098.2198,6385.5811,131.743,35.617,23.352,448.076,1000,0.1043,0.0,0.0,0.1043,0.0
rewire_only,20,2.0,0.8906,16048.6637,6484.4249,131.417,35.338,23.555,452.216,1000,0.1034,0.0,0.0,0.1034,0.0
rewire_only,20,3.0,0.8799,16078.6074,6715.9762,131.457,35.263,23.757,458.205,1000,0.1048,0.0,0.0,0.1048,0.0
rewire_only,20,4.0,0.8661,16188.0505,7011.7649,131.813,35.337,23.832,460.145,1000,0.1041,0.0,0.0,0.1041,0.0
rewire_only,20,6.0,0.807,16645.436,7944.0434,129.495,34.26,24.659,483.494,1000,0.1065,0.0,0.0,0.1065,0.2467
rewire_only,20,8.0,0.7328,17420.8201,8769.9153,131.814,33.21,24.857,493.71,1000,0.1098,0.0,0.0,0.1098,0.6703
rewire_only,20,10.0,0.6391,18514.2029,10103.5448,130.262,31.094,25.768,523.257,1000,0.115,0.0,0.0,0.115,0.982
rewire_only,20,12.0,0.537,19925.5841,11575.3586,131.624,30.678,26.121,543.202,1000,0.1176,0.0,0.0,0.1176,1.2076
rewire_only,20,16.0,0.3994,23702.3425,15084.3856,130.89,28.71,27.302,591.57,1000,0.1239,0.0,0.0,0.1239,1.3661
rewire_only,50,0.0,0.9581,16227.2755,6335.6364,132.216,35.572,52.609,913.172,1000,0.1971,0.0,0.0,0.1971,0.0
rewire_only,50,1.0,0.955,16098.2198,6385.5811,131.743,35.617,52.616,915.752,1000,0.1957,0.0,0.0,0.1957,0.0
rewire_only,50,2.0,0.9492,16048.6637,6484.4249,131.417,35.338,52.937,920.709,1000,0.1939,0.0,0.0,0.1939,0.0
rewire_only,50,3.0,0.9454,16078.6074,6715.9762,131.457,35.263,53.174,928.789,1000,0.1985,0.0,0.0,0.1985,0.0
rewire_only,50,4.0,0.935,16188.0505,7011.7649,131.813,35.337,53.272,934.048,1000,0.1969,0.0,0.0,0.1969,0.0
rewire_only,50,6.0,0.9021,16645.436,7944.0434,129.495,34.26,54.773,977.849,1000,0.2056,0.0,0.0,0.2056,0.2591
rewire_only,50,8.0,0.8472,17420.8201,8769.9153,131.814,33.21,55.105,1004.605,1000,0.2055,0.0,0.0,0.2055,0.7033
rewire_only,50,10.0,0.7628,18514.2029,10103.5448,130.262,31.094,56.293,1057.504,1000,0.2161,0.0,0.0,0.2161,1.0261
rewire_only,50,12.0,0.6811,19925.5841,11575.3586,131.624,30.678,57.32,1110.576,1000,0.2216,0.0,0.0,0.2216,1.2643
rewire_only,50,16.0,0.5457,23702.3425,15084.3856,130.89,28.71,58.26,1191.957,1000,0.2244,0.0,0.0,0.2244,1.4352
rewire_only,100,0.0,0.9788,16227.2755,6335.6364,132.216,35.572,102.201,1612.854,1000,0.3323,0.0,0.0,0.3323,0.0
rewire_only,100,1.0,0.9747,16098.2198,6385.5811,131.743,35.617,102.208,1617.16,1000,0.3285,0.0,0.0,0.3285,0.0
rewire_only,100,2.0,0.9703,16048.6637,6484.4249,131.417,35.338,102.484,1624.203,1000,0.3261,0.0,0.0,0.3261,0.0
rewire_only,100,3.0,0.9685,16078.6074,6715.9762,131.457,35.263,102.799,1635.748,1000,0.3313,0.0,0.0,0.3313,0.0
rewire_only,100,4.0,0.9655,16188.0505,7011.7649,131.813,35.337,103.046,1646.874,1000,0.3307,0.0,0.0,0.3307,0.0
rewire_only,100,6.0,0.9425,16645.436,7944.0434,129.495,34.26,104.529,1708.885,1000,0.3466,0.0,0.0,0.3466,0.2563
rewire_only,100,8.0,0.903,17420.8201,8769.9153,131.814,33.21,105.508,1771.287,1000,0.3491,0.0,0.0,0.3491,0.6965
rewire_only,100,10.0,0.8342,18514.2029,10103.5448,130.262,31.094,106.132,1843.938,1000,0.3616,0.0,0.0,0.3616,1.0121
rewire_only,100,12.0,0.7598,19925.5841,11575.3586,131.624,30.678,107.414,1943.292,1000,0.3677,0.0,0.0,0.3677,1.2445
rewire_only,100,16.0,0.6591,23702.3425,15084.3856,130.89,28.71,108.08,2082.95,1000,0.375,0.0,0.0,0.375,1.4105
rewire_only,200,0.0,0.9891,16227.2755,6335.6364,132.216,35.572,201.816,2859.18,1000,0.5816,0.0,0.0,0.5816,0.0
rewire_only,200,1.0,0.9874,16098.2198,6385.5811,131.743,35.617,202.054,2868.327,1000,0.5828,0.0,0.0,0.5828,0.0
rewire_only,200,2.0,0.9843,16048.6637,6484.4249,131.417,35.338,202.161,2882.981,1000,0.5774,0.0,0.0,0.5774,0.0
rewire_only,200,3.0,0.9851,16078.6074,6715.9762,131.457,35.263,202.51,2898.845,1000,0.5875,0.0,0.0,0.5875,0.0
rewire_only,200,4.0,0.9835,16188.0505,7011.7649,131.813,35.337,202.951,2924.343,1000,0.5848,0.0,0.0,0.5848,0.0
rewire_only,200,6.0,0.9665,16645.436,7944.0434,129.495,34.26,204.784,3024.682,1000,0.6216,0.0,0.0,0.6216,0.2627
rewire_only,200,8.0,0.9314,17420.8201,8769.9153,131.814,33.21,204.83,3130.909,1000,0.6137,0.0,0.0,0.6137,0.7134
rewire_only,200,10.0,0.8861,18514.2029,10103.5448,130.262,31.094,206.943,3285.955,1000,0.6414,0.0,0.0,0.6414,1.039
rewire_only,200,12.0,0.824,19925.5841,11575.3586,131.624,30.678,207.729,3467.502,1000,0.6527,0.0,0.0,0.6527,1.2777
rewire_only,200,16.0,0.7478,23702.3425,15084.3856,130.89,28.71,208.195,3746.644,1000,0.6648,0.0,0.0,0.6648,1.4484
rewire_only,500,0.0,0.9967,16227.2755,6335.6364,132.216,35.572,501.361,6075.089,1000,1.2436,0.0,0.0,1.2436,0.0
rewire_only,500,1.0,0.996,16098.2198,6385.5811,131.743,35.617,501.843,6099.247,1000,1.2472,0.0,0.0,1.2472,0.0
rewire_only,500,2.0,0.996,16048.6637,6484.4249,131.417,35.338,502.914,6139.511,1000,1.2404,0.0,0.0,1.2404,0.0
rewire_only,500,3.0,0.9944,16078.6074,6715.9762,131.457,35.263,502.423,6177.205,1000,1.2613,0.0,0.0,1.2613,0.0
rewire_only,500,4.0,0.9926,16188.0505,7011.7649,131.813,35.337,502.76,6227.682,1000,1.2543,0.0,0.0,1.2543,0.0
rewire_only,500,6.0,0.9846,16645.436,7944.0434,129.495,34.26,505.798,6440.239,1000,1.3039,0.0,0.0,1.3039,0.2505
rewire_only,500,8.0,0.9617,17420.8201,8769.9153,131.814,33.21,507.089,6731.645,1000,1.3308,0.0,0.0,1.3308,0.6778
rewire_only,500,10.0,0.9278,18514.2029,10103.5448,130.262,31.094,509.858,7100.857,1000,1.3962,0.0,0.0,1.3962,0.9905
rewire_only,500,12.0,0.8851,19925.5841,11575.3586,131.624,30.678,512.38,7538.369,1000,1.4297,0.0,0.0,1.4297,1.2248
rewire_only,500,16.0,0.8268,23702.3425,15084.3856,130.89,28.71,509.26,8223.811,1000,1.4616,0.0,0.0,1.4616,1.3948
