condition,edge_count,ef,epoch,mean_hardonly_static_dist,mean_source_query_dist,mean_static_topk_dist,n_hard_queries,recall,recall_adaptive_hardonly,recall_static_hardonly
adaptive_improved,32340,32,0,255.37949885154256,255.3649153936477,214.6728973388672,147,0.9006000000000002,0.84421768707483,0.8414965986394559
adaptive_improved,32340,64,0,255.37949885154256,255.3649153936477,214.6728973388672,147,0.9590000000000001,0.84421768707483,0.8414965986394559
adaptive_improved,32340,128,0,255.37949885154256,255.3649153936477,214.6728973388672,147,0.9888000000000001,0.84421768707483,0.8414965986394559
adaptive_improved,58062,32,1,254.66961135212173,254.60172669500366,210.248046875,117,0.8964000000000001,0.8384615384615384,0.8273504273504273
adaptive_improved,58062,64,1,254.66961135212173,254.60172669500366,210.248046875,117,0.9586000000000001,0.8384615384615384,0.8273504273504273
adaptive_improved,58062,128,1,254.66961135212173,254.60172669500366,210.248046875,117,0.9902000000000001,0.8384615384615384,0.8273504273504273
adaptive_improved,81642,32,2,256.33408963238753,256.23953812210647,210.2071075439453,108,0.9168000000000001,0.8620370370370372,0.8453703703703704
adaptive_improved,81642,64,2,256.33408963238753,256.23953812210647,210.2071075439453,108,0.9682000000000001,0.8620370370370372,0.8453703703703704
adaptive_improved,81642,128,2,256.33408963238753,256.23953812210647,210.2071075439453,108,0.9913999999999998,0.8620370370370372,0.8453703703703704
adaptive_improved,110696,32,3,259.72008279212434,259.5039123305701,213.4532928466797,133,0.8978,0.8353383458646616,0.8097744360902256
adaptive_improved,110696,64,3,259.72008279212434,259.5039123305701,213.4532928466797,133,0.9576,0.8353383458646616,0.8097744360902256
adaptive_improved,110696,128,3,259.72008279212434,259.5039123305701,213.4532928466797,133,0.9855999999999999,0.8353383458646616,0.8097744360902256
adaptive_improved,136124,32,4,257.1722733815511,256.9489491780599,211.0316925048828,120,0.8986000000000001,0.8641666666666669,0.8366666666666667
adaptive_improved,136124,64,4,257.1722733815511,256.9489491780599,211.0316925048828,120,0.9622,0.8641666666666669,0.8366666666666667
adaptive_improved,136124,128,4,257.1722733815511,256.9489491780599,211.0316925048828,120,0.9876,0.8641666666666669,0.8366666666666667
adaptive_improved,163132,32,5,256.126990234375,255.91365808105468,210.75259399414062,125,0.9054000000000001,0.8512000000000003,0.8208000000000002
adaptive_improved,163132,64,5,256.126990234375,255.91365808105468,210.75259399414062,125,0.9618,0.8512000000000003,0.8208000000000002
adaptive_improved,163132,128,5,256.126990234375,255.91365808105468,210.75259399414062,125,0.9892000000000001,0.8512000000000003,0.8208000000000002
adaptive_improved,190376,32,6,272.89783925858757,272.73184858049666,232.87026977539062,126,0.9008000000000002,0.8619047619047621,0.8349206349206351
adaptive_improved,190376,64,6,272.89783925858757,272.73184858049666,232.87026977539062,126,0.9646,0.8619047619047621,0.8349206349206351
adaptive_improved,190376,128,6,272.89783925858757,272.73184858049666,232.87026977539062,126,0.989,0.8619047619047621,0.8349206349206351
adaptive_improved,219310,32,7,312.5456738827834,312.37709022635846,284.83990478515625,134,0.8776000000000002,0.8395522388059702,0.8186567164179104
adaptive_improved,219310,64,7,312.5456738827834,312.37709022635846,284.83990478515625,134,0.9486000000000001,0.8395522388059702,0.8186567164179104
adaptive_improved,219310,128,7,312.5456738827834,312.37709022635846,284.83990478515625,134,0.9832000000000001,0.8395522388059702,0.8186567164179104
adaptive_improved,254647,32,8,372.7277983683019,372.48821478533597,350.1708679199219,163,0.8192,0.7687116564417178,0.7368098159509202
adaptive_improved,254647,64,8,372.7277983683019,372.48821478533597,350.1708679199219,163,0.9128,0.7687116564417178,0.7368098159509202
adaptive_improved,254647,128,8,372.7277983683019,372.48821478533597,350.1708679199219,163,0.9658000000000001,0.7687116564417178,0.7368098159509202
adaptive_improved,297593,32,9,432.93725769963095,432.58219227239715,416.3681945800781,199,0.747,0.6974874371859298,0.6522613065326633
adaptive_improved,297593,64,9,432.93725769963095,432.58219227239715,416.3681945800781,199,0.8566,0.6974874371859298,0.6522613065326633
adaptive_improved,297593,128,9,432.93725769963095,432.58219227239715,416.3681945800781,199,0.9304000000000001,0.6974874371859298,0.6522613065326633
adaptive_improved,344524,32,10,430.27147316721687,429.5801663018961,417.15911865234375,226,0.7732,0.7345132743362832,0.6575221238938054
adaptive_improved,344524,64,10,430.27147316721687,429.5801663018961,417.15911865234375,226,0.8778,0.7345132743362832,0.6575221238938054
adaptive_improved,344524,128,10,430.27147316721687,429.5801663018961,417.15911865234375,226,0.9388000000000001,0.7345132743362832,0.6575221238938054
adaptive_improved,388665,32,11,430.9184758112981,430.145514855018,416.5924987792969,221,0.8028000000000001,0.7918552036199094,0.6778280542986425
adaptive_improved,388665,64,11,430.9184758112981,430.145514855018,416.5924987792969,221,0.9016000000000002,0.7918552036199094,0.6778280542986425
adaptive_improved,388665,128,11,430.9184758112981,430.145514855018,416.5924987792969,221,0.9572,0.7918552036199094,0.6778280542986425
adaptive_improved,438002,32,12,430.5090638403799,429.57478051279105,417.0293884277344,255,0.8316,0.8043137254901962,0.6709803921568627
adaptive_improved,438002,64,12,430.5090638403799,429.57478051279105,417.0293884277344,255,0.9128000000000001,0.8043137254901962,0.6709803921568627
adaptive_improved,438002,128,12,430.5090638403799,429.57478051279105,417.0293884277344,255,0.9608000000000001,0.8043137254901962,0.6709803921568627
adaptive_improved,482924,32,13,429.49804662485593,428.556176357582,416.7089538574219,244,0.835,0.8139344262295083,0.6700819672131147
adaptive_improved,482924,64,13,429.49804662485593,428.556176357582,416.7089538574219,244,0.9104000000000001,0.8139344262295083,0.6700819672131147
adaptive_improved,482924,128,13,429.49804662485593,428.556176357582,416.7089538574219,244,0.9588000000000001,0.8139344262295083,0.6700819672131147
adaptive_improved,473299,32,14,432.60796128310164,431.29208783566696,417.6900329589844,231,0.844,0.8233766233766234,0.645021645021645
adaptive_improved,473299,64,14,432.60796128310164,431.29208783566696,417.6900329589844,231,0.9168000000000001,0.8233766233766234,0.645021645021645
adaptive_improved,473299,128,14,432.60796128310164,431.29208783566696,417.6900329589844,231,0.9616,0.8233766233766234,0.645021645021645
adaptive_improved,462443,32,15,426.3471172382305,425.0949317304603,413.6968994140625,231,0.8548000000000001,0.8606060606060605,0.6757575757575758
adaptive_improved,462443,64,15,426.3471172382305,425.0949317304603,413.6968994140625,231,0.9278000000000001,0.8606060606060605,0.6757575757575758
adaptive_improved,462443,128,15,426.3471172382305,425.0949317304603,413.6968994140625,231,0.9724,0.8606060606060605,0.6757575757575758
adaptive_improved,461875,32,16,487.7973962332788,485.9910408737313,481.2377014160156,351,0.8578000000000001,0.847863247863248,0.5834757834757835
adaptive_improved,461875,64,16,487.7973962332788,485.9910408737313,481.2377014160156,351,0.9186,0.847863247863248,0.5834757834757835
adaptive_improved,461875,128,16,487.7973962332788,485.9910408737313,481.2377014160156,351,0.9594,0.847863247863248,0.5834757834757835
adaptive_improved,456348,32,17,539.2192643688571,536.9146074567523,536.276123046875,434,0.8692000000000001,0.8612903225806453,0.5149769585253456
adaptive_improved,456348,64,17,539.2192643688571,536.9146074567523,536.276123046875,434,0.9198000000000001,0.8612903225806453,0.5149769585253456
adaptive_improved,456348,128,17,539.2192643688571,536.9146074567523,536.276123046875,434,0.9504000000000001,0.8612903225806453,0.5149769585253456
adaptive_improved,492871,32,18,582.3706696371278,579.1054959463632,582.1409912109375,487,0.864,0.8634496919917864,0.4459958932238193
adaptive_improved,492871,64,18,582.3706696371278,579.1054959463632,582.1409912109375,487,0.9,0.8634496919917864,0.4459958932238193
adaptive_improved,492871,128,18,582.3706696371278,579.1054959463632,582.1409912109375,487,0.9264000000000001,0.8634496919917864,0.4459958932238193
adaptive_improved,478195,32,19,619.2805087702061,615.1780437686579,619.4166259765625,492,0.8254,0.8270325203252032,0.3817073170731707
adaptive_improved,478195,64,19,619.2805087702061,615.1780437686579,619.4166259765625,492,0.861,0.8270325203252032,0.3817073170731707
adaptive_improved,478195,128,19,619.2805087702061,615.1780437686579,619.4166259765625,492,0.8926000000000001,0.8270325203252032,0.3817073170731707
adaptive_improved,454068,32,20,619.1130544600949,614.794657061177,619.0675048828125,496,0.885,0.8858870967741937,0.3945564516129032
adaptive_improved,454068,64,20,619.1130544600949,614.794657061177,619.0675048828125,496,0.9145999999999999,0.8858870967741937,0.3945564516129032
adaptive_improved,454068,128,20,619.1130544600949,614.794657061177,619.0675048828125,496,0.9394000000000001,0.8858870967741937,0.3945564516129032
adaptive_improved,477222,32,21,617.8828083076862,613.4959164397885,617.8577880859375,495,0.9046000000000002,0.9072727272727273,0.3983838383838384
adaptive_improved,477222,64,21,617.8828083076862,613.4959164397885,617.8577880859375,495,0.925,0.9072727272727273,0.3983838383838384
adaptive_improved,477222,128,21,617.8828083076862,613.4959164397885,617.8577880859375,495,0.9478,0.9072727272727273,0.3983838383838384
adaptive_improved,493136,32,22,616.8599232089135,612.3114402524886,616.7406616210938,496,0.9276000000000001,0.9270161290322582,0.3901209677419355
adaptive_improved,493136,64,22,616.8599232089135,612.3114402524886,616.7406616210938,496,0.9486000000000001,0.9270161290322582,0.3901209677419355
adaptive_improved,493136,128,22,616.8599232089135,612.3114402524886,616.7406616210938,496,0.9622,0.9270161290322582,0.3901209677419355
adaptive_improved,458778,32,23,617.3796043935448,612.7770329022649,617.2730712890625,495,0.9284000000000001,0.9292929292929293,0.38909090909090915
adaptive_improved,458778,64,23,617.3796043935448,612.7770329022649,617.2730712890625,495,0.9472,0.9292929292929293,0.38909090909090915
adaptive_improved,458778,128,23,617.3796043935448,612.7770329022649,617.2730712890625,495,0.9618,0.9292929292929293,0.38909090909090915
adaptive_improved,472839,32,24,616.5790675307766,612.1912121705335,616.4605102539062,495,0.9366000000000001,0.9365656565656565,0.39777777777777784
adaptive_improved,472839,64,24,616.5790675307766,612.1912121705335,616.4605102539062,495,0.9520000000000001,0.9365656565656565,0.39777777777777784
adaptive_improved,472839,128,24,616.5790675307766,612.1912121705335,616.4605102539062,495,0.9662000000000001,0.9365656565656565,0.39777777777777784
