condition,epoch,ef,recall,edge_count,drift_detected,mmd_squared,mean_eh,repair_count,mean_latency_ms
static,0,32,0.8252,0,False,0.0,0.0,0,0.09040700597688556
static,0,64,0.9062,0,False,0.0,0.0,0,0.14174892008304596
static,0,128,0.9576000000000001,0,False,0.0,0.0,0,0.26793136401101947
static,1,32,0.8125999999999999,0,False,0.0,0.0,0,0.08858652808703482
static,1,64,0.8972,0,False,0.0,0.0,0,0.1462936238385737
static,1,128,0.9536,0,False,0.0,0.0,0,0.27935500210151076
static,2,32,0.8218,0,False,0.0,0.0,0,0.08775178412906826
static,2,64,0.9047999999999999,0,False,0.0,0.0,0,0.142453758046031
static,2,128,0.952,0,False,0.0,0.0,0,0.2705854659434408
static,3,32,0.8132,0,False,0.0,0.0,0,0.0916219640057534
static,3,64,0.8974000000000001,0,False,0.0,0.0,0,0.1487366680521518
static,3,128,0.9522,0,False,0.0,0.0,0,0.27935709804296494
static,4,32,0.8072,0,False,0.0,0.0,0,0.08928870991803706
static,4,64,0.8972,0,False,0.0,0.0,0,0.14720951998606324
static,4,128,0.9542,0,False,0.0,0.0,0,0.27330578002147377
static,5,32,0.7996,0,False,0.0,0.0,0,0.08911927603185177
static,5,64,0.8934000000000001,0,False,0.0,0.0,0,0.14815014181658626
static,5,128,0.9584000000000001,0,False,0.0,0.0,0,0.2828107418026775
static,6,32,0.7756000000000001,0,False,0.0,0.0,0,0.08556617586873472
static,6,64,0.8824,0,False,0.0,0.0,0,0.14649029611609876
static,6,128,0.9412,0,False,0.0,0.0,0,0.27359240781515837
static,7,32,0.7026,0,False,0.0,0.0,0,0.08592585800215602
static,7,64,0.8176,0,False,0.0,0.0,0,0.1471803281456232
static,7,128,0.8990000000000001,0,False,0.0,0.0,0,0.28170823003165424
static,8,32,0.598,0,False,0.0,0.0,0,0.08908896590583026
static,8,64,0.726,0,False,0.0,0.0,0,0.1522038618568331
static,8,128,0.8296,0,False,0.0,0.0,0,0.2811045218259096
static,9,32,0.6044,0,False,0.0,0.0,0,0.0958895378280431
static,9,64,0.7272000000000001,0,False,0.0,0.0,0,0.15790401794947684
static,9,128,0.8246,0,False,0.0,0.0,0,0.2885733360890299
static,10,32,0.5898,0,False,0.0,0.0,0,0.08967199781909585
static,10,64,0.7184,0,False,0.0,0.0,0,0.14957797387614846
static,10,128,0.8166,0,False,0.0,0.0,0,0.284413596149534
static,11,32,0.5958,0,False,0.0,0.0,0,0.08990847994573414
static,11,64,0.7298,0,False,0.0,0.0,0,0.15496677812188864
static,11,128,0.8318,0,False,0.0,0.0,0,0.28845781995914876
static,12,32,0.5876000000000001,0,False,0.0,0.0,0,0.09321280615404248
static,12,64,0.721,0,False,0.0,0.0,0,0.15400925604626536
static,12,128,0.8282,0,False,0.0,0.0,0,0.2865482219494879
static,13,32,0.6073999999999999,0,False,0.0,0.0,0,0.09394977008923888
static,13,64,0.7154,0,False,0.0,0.0,0,0.15730785415507853
static,13,128,0.8226000000000001,0,False,0.0,0.0,0,0.28667994402348995
static,14,32,0.45439999999999997,0,False,0.0,0.0,0,0.09798630815930665
static,14,64,0.5932000000000001,0,False,0.0,0.0,0,0.15742141590453684
static,14,128,0.7052,0,False,0.0,0.0,0,0.29290711996145546
static,15,32,0.279,0,False,0.0,0.0,0,0.10020250990055501
static,15,64,0.39579999999999993,0,False,0.0,0.0,0,0.165677199838683
static,15,128,0.5272,0,False,0.0,0.0,0,0.3097916399128735
static,16,32,0.2166,0,False,0.0,0.0,0,0.10335346194915473
static,16,64,0.32220000000000004,0,False,0.0,0.0,0,0.17371466010808945
static,16,128,0.45820000000000005,0,False,0.0,0.0,0,0.2967327400110662
static,17,32,0.2154,0,False,0.0,0.0,0,0.09918059199117124
static,17,64,0.32880000000000004,0,False,0.0,0.0,0,0.17146451817825437
static,17,128,0.436,0,False,0.0,0.0,0,0.3160311079118401
static,18,32,0.2078,0,False,0.0,0.0,0,0.09731276193633676
static,18,64,0.3158,0,False,0.0,0.0,0,0.1680163200944662
static,18,128,0.43160000000000004,0,False,0.0,0.0,0,0.3163898119237274
static,19,32,0.18919999999999998,0,False,0.0,0.0,0,0.10199854406528175
static,19,64,0.28820000000000007,0,False,0.0,0.0,0,0.17520772409625351
static,19,128,0.40520000000000006,0,False,0.0,0.0,0,0.3137667200062424
static,20,32,0.2014,0,False,0.0,0.0,0,0.097235098015517
static,20,64,0.3108,0,False,0.0,0.0,0,0.1721134800463915
static,20,128,0.4292,0,False,0.0,0.0,0,0.3022765920031816
static,21,32,0.2184,0,False,0.0,0.0,0,0.10586481192149222
static,21,64,0.31720000000000004,0,False,0.0,0.0,0,0.17567230807617307
static,21,128,0.43379999999999996,0,False,0.0,0.0,0,0.3115612759720534
static,22,32,0.2144,0,False,0.0,0.0,0,0.09741109795868397
static,22,64,0.31439999999999996,0,False,0.0,0.0,0,0.1683333981782198
static,22,128,0.4338,0,False,0.0,0.0,0,0.31688470812514424
static,23,32,0.2072,0,False,0.0,0.0,0,0.10087996791116893
static,23,64,0.307,0,False,0.0,0.0,0,0.16804663208313286
static,23,128,0.42040000000000005,0,False,0.0,0.0,0,0.3045770199969411
static,24,32,0.21359999999999998,0,False,0.0,0.0,0,0.09723803005181253
static,24,64,0.31320000000000003,0,False,0.0,0.0,0,0.163920973893255
static,24,128,0.426,0,False,0.0,0.0,0,0.3103186599910259
static,25,32,0.2238,0,False,0.0,0.0,0,0.10197004792280495
static,25,64,0.3124,0,False,0.0,0.0,0,0.1695272638462484
static,25,128,0.438,0,False,0.0,0.0,0,0.3062660580035299
static,26,32,0.19360000000000002,0,False,0.0,0.0,0,0.09788713394664228
static,26,64,0.2956,0,False,0.0,0.0,0,0.17139733000658453
static,26,128,0.4124,0,False,0.0,0.0,0,0.31679950188845396
static,27,32,0.20360000000000003,0,False,0.0,0.0,0,0.10073246411047876
static,27,64,0.2982,0,False,0.0,0.0,0,0.1700640639755875
static,27,128,0.4244,0,False,0.0,0.0,0,0.3102013280149549
static,28,32,0.21940000000000004,0,False,0.0,0.0,0,0.10166260809637606
static,28,64,0.3204,0,False,0.0,0.0,0,0.1701016379520297
static,28,128,0.43739999999999996,0,False,0.0,0.0,0,0.3077441779896617
static,29,32,0.18880000000000002,0,False,0.0,0.0,0,0.10541433398611844
static,29,64,0.294,0,False,0.0,0.0,0,0.1800118200480938
static,29,128,0.4254,0,False,0.0,0.0,0,0.31966564198955894
static,30,32,0.19440000000000002,0,False,0.0,0.0,0,0.10146006802096963
static,30,64,0.2878,0,False,0.0,0.0,0,0.16651473403908312
static,30,128,0.39920000000000005,0,False,0.0,0.0,0,0.3036688040010631
static,31,32,0.2052,0,False,0.0,0.0,0,0.09965271991677582
static,31,64,0.3076,0,False,0.0,0.0,0,0.17066958616487682
static,31,128,0.4154,0,False,0.0,0.0,0,0.3148010659497231
static,32,32,0.1948,0,False,0.0,0.0,0,0.09793909802101552
static,32,64,0.3042,0,False,0.0,0.0,0,0.16902608214877546
static,32,128,0.4144,0,False,0.0,0.0,0,0.310539357829839
static,33,32,0.2164,0,False,0.0,0.0,0,0.10364483995363116
static,33,64,0.317,0,False,0.0,0.0,0,0.1752663899678737
static,33,128,0.4418,0,False,0.0,0.0,0,0.3119245881680399
static,34,32,0.206,0,False,0.0,0.0,0,0.09766839211806655
static,34,64,0.31920000000000004,0,False,0.0,0.0,0,0.16609722399152815
static,34,128,0.43420000000000003,0,False,0.0,0.0,0,0.2923214319162071
static,35,32,0.2116,0,False,0.0,0.0,0,0.09628218598663807
static,35,64,0.3246,0,False,0.0,0.0,0,0.170309066073969
static,35,128,0.43660000000000004,0,False,0.0,0.0,0,0.2923845681361854
static,36,32,0.2008,0,False,0.0,0.0,0,0.09693422401323915
static,36,64,0.304,0,False,0.0,0.0,0,0.16877158195711672
static,36,128,0.4136,0,False,0.0,0.0,0,0.2891003580298275
static,37,32,0.21120000000000003,0,False,0.0,0.0,0,0.10022793198004365
static,37,64,0.3182,0,False,0.0,0.0,0,0.17094978806562722
static,37,128,0.42460000000000003,0,False,0.0,0.0,0,0.3162592120934278
static,38,32,0.2192,0,False,0.0,0.0,0,0.0938042220659554
static,38,64,0.317,0,False,0.0,0.0,0,0.16370446607470512
static,38,128,0.43460000000000004,0,False,0.0,0.0,0,0.3091180920600891
static,39,32,0.2136,0,False,0.0,0.0,0,0.1032741239760071
static,39,64,0.312,0,False,0.0,0.0,0,0.16850562812760472
static,39,128,0.43060000000000004,0,False,0.0,0.0,0,0.3128195321187377
static,40,32,0.2226,0,False,0.0,0.0,0,0.09600589401088655
static,40,64,0.32459999999999994,0,False,0.0,0.0,0,0.1680864419322461
static,40,128,0.4292,0,False,0.0,0.0,0,0.3076399720739573
static,41,32,0.21180000000000002,0,False,0.0,0.0,0,0.10393537813797593
static,41,64,0.3058,0,False,0.0,0.0,0,0.1733926918823272
static,41,128,0.4096,0,False,0.0,0.0,0,0.3097188640385866
static,42,32,0.2154,0,False,0.0,0.0,0,0.09624712588265538
static,42,64,0.334,0,False,0.0,0.0,0,0.16572455200366676
static,42,128,0.447,0,False,0.0,0.0,0,0.29396214010193944
static,43,32,0.1868,0,False,0.0,0.0,0,0.09315204387530684
static,43,64,0.29719999999999996,0,False,0.0,0.0,0,0.1674514440819621
static,43,128,0.42360000000000003,0,False,0.0,0.0,0,0.29116332600824535
static,44,32,0.2018,0,False,0.0,0.0,0,0.09636278194375336
static,44,64,0.30779999999999996,0,False,0.0,0.0,0,0.1719279841054231
static,44,128,0.42479999999999996,0,False,0.0,0.0,0,0.3009159460198134
static,45,32,0.2202,0,False,0.0,0.0,0,0.1037926240824163
static,45,64,0.32559999999999995,0,False,0.0,0.0,0,0.17127594584599137
static,45,128,0.4442,0,False,0.0,0.0,0,0.3138301339931786
static,46,32,0.2164,0,False,0.0,0.0,0,0.09348979592323303
static,46,64,0.3228,0,False,0.0,0.0,0,0.16518998821265996
static,46,128,0.44200000000000006,0,False,0.0,0.0,0,0.2908169140573591
static,47,32,0.2196,0,False,0.0,0.0,0,0.09870455600321293
static,47,64,0.329,0,False,0.0,0.0,0,0.16821117606014013
static,47,128,0.4412,0,False,0.0,0.0,0,0.3025246679317206
static,48,32,0.2106,0,False,0.0,0.0,0,0.09937084000557661
static,48,64,0.309,0,False,0.0,0.0,0,0.16709288000129163
static,48,128,0.41479999999999995,0,False,0.0,0.0,0,0.303254087921232
static,49,32,0.2038,0,False,0.0,0.0,0,0.11375337187200785
static,49,64,0.3032,0,False,0.0,0.0,0,0.17775413417257369
static,49,128,0.421,0,False,0.0,0.0,0,0.3084092040080577
adaptive_current,0,32,0.8252,0,False,0.0009175472951439456,0.6377537427553123,0,0.10482208197936416
adaptive_current,0,64,0.9062,0,False,0.0009175472951439456,0.6377537427553123,0,0.17224687803536654
adaptive_current,0,128,0.9576000000000001,0,False,0.0009175472951439456,0.6377537427553123,0,0.29497357993386686
adaptive_current,1,32,0.8125999999999999,0,False,0.001298910119841309,0.6514364696148023,0,0.11255196202546358
adaptive_current,1,64,0.8972,0,False,0.001298910119841309,0.6514364696148023,0,0.17664212197996676
adaptive_current,1,128,0.9536,0,False,0.001298910119841309,0.6514364696148023,0,0.30448315385729074
adaptive_current,2,32,0.8218,0,False,0.00013804658628063462,0.649401207606095,0,0.10808073193766177
adaptive_current,2,64,0.9047999999999999,0,False,0.00013804658628063462,0.649401207606095,0,0.16626386414282024
adaptive_current,2,128,0.952,0,False,0.00013804658628063462,0.649401207606095,0,0.29419485200196505
adaptive_current,3,32,0.8132,0,False,0.0018135362345104832,0.6592792047145115,0,0.11227455409243703
adaptive_current,3,64,0.8974000000000001,0,False,0.0018135362345104832,0.6592792047145115,0,0.17176064592786133
adaptive_current,3,128,0.9522,0,False,0.0018135362345104832,0.6592792047145115,0,0.29127772618085146
adaptive_current,4,32,0.8072,0,False,0.0004302752530189595,0.6498672813940993,0,0.11350752995349467
adaptive_current,4,64,0.8972,0,False,0.0004302752530189595,0.6498672813940993,0,0.1685159639455378
adaptive_current,4,128,0.9542,0,False,0.0004302752530189595,0.6498672813940993,0,0.31266546389088035
adaptive_current,5,32,0.7996,65681,True,0.003707726615208201,0.6596452298576951,1,0.11650315602310002
adaptive_current,5,64,0.8934000000000001,65681,True,0.003707726615208201,0.6596452298576951,1,0.17513201804831624
adaptive_current,5,128,0.9584000000000001,65681,True,0.003707726615208201,0.6596452298576951,1,0.3057900199200958
adaptive_current,6,32,0.7764000000000001,65681,False,0.00043841127691207084,0.6477517387980399,0,0.1107066199183464
adaptive_current,6,64,0.8824,65681,False,0.00043841127691207084,0.6477517387980399,0,0.17598924599587917
adaptive_current,6,128,0.9412,65681,False,0.00043841127691207084,0.6477517387980399,0,0.30003510997630656
adaptive_current,7,32,0.7034000000000001,131218,True,0.00810764727545488,0.6732966544899531,1,0.11897399602457881
adaptive_current,7,64,0.8182,131218,True,0.00810764727545488,0.6732966544899531,1,0.17623257194645703
adaptive_current,7,128,0.8992,131218,True,0.00810764727545488,0.6732966544899531,1,0.30286046396940947
adaptive_current,8,32,0.5998,196216,True,0.019409668553794245,0.7022537266731925,1,0.12146425410173833
adaptive_current,8,64,0.727,196216,True,0.019409668553794245,0.7022537266731925,1,0.18722864612936974
adaptive_current,8,128,0.8302,196216,True,0.019409668553794245,0.7022537266731925,1,0.3181288579944521
adaptive_current,9,32,0.6093999999999999,240278,True,0.02666697803418891,0.7045913720264,1,0.136220992077142
adaptive_current,9,64,0.7295999999999999,240278,True,0.02666697803418891,0.7045913720264,1,0.19902174384333193
adaptive_current,9,128,0.8264000000000001,240278,True,0.02666697803418891,0.7045913720264,1,0.3341145219746977
adaptive_current,10,32,0.5982000000000001,288974,True,0.03670000067432923,0.715404727091234,1,0.13543471996672451
adaptive_current,10,64,0.7238,288974,True,0.03670000067432923,0.715404727091234,1,0.1964441859163344
adaptive_current,10,128,0.8188000000000001,288974,True,0.03670000067432923,0.715404727091234,1,0.32297848793677986
adaptive_current,11,32,0.6102000000000001,321264,True,0.03543918888785773,0.713996291796773,1,0.13654659199528396
adaptive_current,11,64,0.7386000000000001,321264,True,0.03543918888785773,0.713996291796773,1,0.20820012991316617
adaptive_current,11,128,0.8352,321264,True,0.03543918888785773,0.713996291796773,1,0.3342141159810126
adaptive_current,12,32,0.5974,351032,True,0.025928860992676068,0.7075759974303577,1,0.1309344358742237
adaptive_current,12,64,0.7238,351032,True,0.025928860992676068,0.7075759974303577,1,0.20661613205447793
adaptive_current,12,128,0.8298000000000001,351032,True,0.025928860992676068,0.7075759974303577,1,0.3346018739975989
adaptive_current,13,32,0.624,373184,True,0.04494690645647159,0.722070374177841,1,0.16378743783570826
adaptive_current,13,64,0.726,373184,True,0.04494690645647159,0.722070374177841,1,0.21825949219055474
adaptive_current,13,128,0.8258,373184,True,0.04494690645647159,0.722070374177841,1,0.36719702184200287
adaptive_current,14,32,0.464,402310,True,0.10020518408195495,0.7561640372417998,1,0.1423847540281713
adaptive_current,14,64,0.6012000000000001,402310,True,0.10020518408195495,0.7561640372417998,1,0.2114203660748899
adaptive_current,14,128,0.7102,402310,True,0.10020518408195495,0.7561640372417998,1,0.3415472980123013
adaptive_current,15,32,0.28,433579,True,0.21923734448070686,0.8151109256294621,1,0.13355348003096879
adaptive_current,15,64,0.3966,433579,True,0.21923734448070686,0.8151109256294621,1,0.21689800801686943
adaptive_current,15,128,0.5281999999999999,433579,True,0.21923734448070686,0.8151109256294621,1,0.33987921196967363
adaptive_current,16,32,0.2178,463611,True,0.3779569015530796,0.8707726010349359,1,0.13688043202273548
adaptive_current,16,64,0.323,463611,True,0.3779569015530796,0.8707726010349359,1,0.21766039379872382
adaptive_current,16,128,0.4586,463611,True,0.3779569015530796,0.8707726010349359,1,0.3585114360321313
adaptive_current,17,32,0.217,487182,True,0.394536867846999,0.8793079152997794,1,0.14917205809615552
adaptive_current,17,64,0.32980000000000004,487182,True,0.394536867846999,0.8793079152997794,1,0.2209846938494593
adaptive_current,17,128,0.43779999999999997,487182,True,0.394536867846999,0.8793079152997794,1,0.36713444581255317
adaptive_current,18,32,0.21680000000000002,509782,True,0.3883368204680999,0.8802462044355858,1,0.1574848322197795
adaptive_current,18,64,0.323,509782,True,0.3883368204680999,0.8802462044355858,1,0.2487133101094514
adaptive_current,18,128,0.436,509782,True,0.3883368204680999,0.8802462044355858,1,0.38221287191845477
adaptive_current,19,32,0.199,527507,True,0.4038972885571426,0.884190066207288,1,0.18562006182037294
adaptive_current,19,64,0.296,527507,True,0.4038972885571426,0.884190066207288,1,0.2740296139381826
adaptive_current,19,128,0.4114,527507,True,0.4038972885571426,0.884190066207288,1,0.42838807590305805
adaptive_current,20,32,0.21480000000000002,555642,True,0.38305687215647877,0.8814158466231029,1,0.21097617596387863
adaptive_current,20,64,0.3218,555642,True,0.38305687215647877,0.8814158466231029,1,0.27678316994570196
adaptive_current,20,128,0.4368,555642,True,0.38305687215647877,0.8814158466231029,1,0.42048135795630515
adaptive_current,21,32,0.2294,573109,True,0.38729088658944927,0.8777994277385954,1,0.19265712006017566
adaptive_current,21,64,0.32480000000000003,573109,True,0.38729088658944927,0.8777994277385954,1,0.2607852159999311
adaptive_current,21,128,0.43639999999999995,573109,True,0.38729088658944927,0.8777994277385954,1,0.42963404208421707
adaptive_current,22,32,0.22320000000000004,586607,True,0.4159085645848542,0.8841526665728895,1,0.22498435783199966
adaptive_current,22,64,0.3218,586607,True,0.4159085645848542,0.8841526665728895,1,0.31330884201452136
adaptive_current,22,128,0.43979999999999997,586607,True,0.4159085645848542,0.8841526665728895,1,0.45214343001134694
adaptive_current,23,32,0.21860000000000002,608163,True,0.4106641902114385,0.8869346987106443,1,0.23644236009567976
adaptive_current,23,64,0.3152,608163,True,0.4106641902114385,0.8869346987106443,1,0.32333230413496494
adaptive_current,23,128,0.42460000000000003,608163,True,0.4106641902114385,0.8869346987106443,1,0.45854269596748054
adaptive_current,24,32,0.24060000000000004,626568,True,0.4038987147192366,0.8899448352182073,1,0.2643109380733222
adaptive_current,24,64,0.331,626568,True,0.4038987147192366,0.8899448352182073,1,0.3590733779128641
adaptive_current,24,128,0.4362,626568,True,0.4038987147192366,0.8899448352182073,1,0.5389517999719828
adaptive_current,25,32,0.25739999999999996,643719,True,0.4482136962358746,0.8982925752912984,1,0.2820206999313086
adaptive_current,25,64,0.3376,643719,True,0.4482136962358746,0.8982925752912984,1,0.3541634038556367
adaptive_current,25,128,0.4488,643719,True,0.4482136962358746,0.8982925752912984,1,0.499810857931152
adaptive_current,26,32,0.221,660193,True,0.44113605401406986,0.8967590711592026,1,0.2888183400500566
adaptive_current,26,64,0.314,660193,True,0.44113605401406986,0.8967590711592026,1,0.36064326809719205
adaptive_current,26,128,0.4228,660193,True,0.44113605401406986,0.8967590711592026,1,0.5301016680896282
adaptive_current,27,32,0.2332,675641,True,0.3921303206210763,0.8850720510953329,1,0.29599912790581584
adaptive_current,27,64,0.323,675641,True,0.3921303206210763,0.8850720510953329,1,0.37714100792072713
adaptive_current,27,128,0.4422,675641,True,0.3921303206210763,0.8850720510953329,1,0.5359514239244163
adaptive_current,28,32,0.24960000000000002,688360,True,0.40333600272636777,0.8869133910025264,1,0.34644791204482317
adaptive_current,28,64,0.3428,688360,True,0.40333600272636777,0.8869133910025264,1,0.41144279413856566
adaptive_current,28,128,0.45,688360,True,0.40333600272636777,0.8869133910025264,1,0.5732055359985679
adaptive_current,29,32,0.21840000000000004,703898,True,0.42133256777132994,0.8930983753159362,1,0.2863771121483296
adaptive_current,29,64,0.316,703898,True,0.42133256777132994,0.8930983753159362,1,0.3821796278934926
adaptive_current,29,128,0.441,703898,True,0.42133256777132994,0.8930983753159362,1,0.5430964541155845
adaptive_current,30,32,0.22319999999999998,719385,True,0.3795537734004918,0.8835257563533894,1,0.3294211959000677
adaptive_current,30,64,0.3088000000000001,719385,True,0.3795537734004918,0.8835257563533894,1,0.41003395803272724
adaptive_current,30,128,0.414,719385,True,0.3795537734004918,0.8835257563533894,1,0.5654474420007318
adaptive_current,31,32,0.23040000000000002,731519,True,0.38303622350647987,0.8829646231658161,1,0.29289468796923757
adaptive_current,31,64,0.326,731519,True,0.38303622350647987,0.8829646231658161,1,0.3831466478295624
adaptive_current,31,128,0.42760000000000004,731519,True,0.38303622350647987,0.8829646231658161,1,0.5370261380448937
adaptive_current,32,32,0.23100000000000004,741426,True,0.43667646514397573,0.8973288427515987,1,0.3634771420620382
adaptive_current,32,64,0.32839999999999997,741426,True,0.43667646514397573,0.8973288427515987,1,0.44156053592450917
adaptive_current,32,128,0.42779999999999996,741426,True,0.43667646514397573,0.8973288427515987,1,0.6057125460356474
adaptive_current,33,32,0.24680000000000002,750735,True,0.3879369306882162,0.8810362488799126,1,0.31192263402044773
adaptive_current,33,64,0.34120000000000006,750735,True,0.3879369306882162,0.8810362488799126,1,0.4017845999915153
adaptive_current,33,128,0.45480000000000004,750735,True,0.3879369306882162,0.8810362488799126,1,0.5760708400048316
adaptive_current,34,32,0.2398,761186,True,0.42309760957883386,0.8940983475943165,1,0.3235546799842268
adaptive_current,34,64,0.337,761186,True,0.42309760957883386,0.8940983475943165,1,0.4031784899998456
adaptive_current,34,128,0.44639999999999996,761186,True,0.42309760957883386,0.8940983475943165,1,0.5816762920003384
adaptive_current,35,32,0.2436,772025,True,0.3939136266109934,0.8858632701574082,1,0.3723661061376333
adaptive_current,35,64,0.34959999999999997,772025,True,0.3939136266109934,0.8858632701574082,1,0.4553691118489951
adaptive_current,35,128,0.4502,772025,True,0.3939136266109934,0.8858632701574082,1,0.6079635261557996
adaptive_current,36,32,0.233,778618,True,0.40072351979394116,0.8900732769312135,1,0.33277943986468017
adaptive_current,36,64,0.326,778618,True,0.40072351979394116,0.8900732769312135,1,0.4303743578493595
adaptive_current,36,128,0.42760000000000004,778618,True,0.40072351979394116,0.8900732769312135,1,0.5940927921328694
adaptive_current,37,32,0.2442,784942,True,0.39966274718884587,0.8844942428523116,1,0.34757864009588957
adaptive_current,37,64,0.3388,784942,True,0.39966274718884587,0.8844942428523116,1,0.43840958387590945
adaptive_current,37,128,0.43839999999999996,784942,True,0.39966274718884587,0.8844942428523116,1,0.5935372759122401
adaptive_current,38,32,0.24639999999999998,795059,True,0.3920054696049965,0.8799093213748467,1,0.3300987961702049
adaptive_current,38,64,0.3394,795059,True,0.3920054696049965,0.8799093213748467,1,0.4033554680645466
adaptive_current,38,128,0.4448,795059,True,0.3920054696049965,0.8799093213748467,1,0.5617656940594316
adaptive_current,39,32,0.25680000000000003,803757,True,0.4214656614523548,0.8967071147182256,1,0.35062916413880885
adaptive_current,39,64,0.341,803757,True,0.4214656614523548,0.8967071147182256,1,0.4286198099143803
adaptive_current,39,128,0.44420000000000004,803757,True,0.4214656614523548,0.8967071147182256,1,0.583804352208972
adaptive_current,40,32,0.26720000000000005,810911,True,0.4000226011604104,0.8901113988433434,1,0.4178138440474868
adaptive_current,40,64,0.3536,810911,True,0.4000226011604104,0.8901113988433434,1,0.46628570393659174
adaptive_current,40,128,0.4468,810911,True,0.4000226011604104,0.8901113988433434,1,0.6155570759437978
adaptive_current,41,32,0.242,815398,True,0.3948008487364094,0.8853796057430918,1,0.39310948993079364
adaptive_current,41,64,0.32420000000000004,815398,True,0.3948008487364094,0.8853796057430918,1,0.47697447589598596
adaptive_current,41,128,0.42260000000000003,815398,True,0.3948008487364094,0.8853796057430918,1,0.6366553918924183
adaptive_current,42,32,0.25659999999999994,822631,True,0.4207027474232239,0.8932514045471417,1,0.4038720119278878
adaptive_current,42,64,0.35919999999999996,822631,True,0.4207027474232239,0.8932514045471417,1,0.48652302008122206
adaptive_current,42,128,0.46199999999999997,822631,True,0.4207027474232239,0.8932514045471417,1,0.6195937560405582
adaptive_current,43,32,0.2332,829713,True,0.3685410905164841,0.8776035770974474,1,0.35095671797171235
adaptive_current,43,64,0.32439999999999997,829713,True,0.3685410905164841,0.8776035770974474,1,0.4428069218993187
adaptive_current,43,128,0.4382,829713,True,0.3685410905164841,0.8776035770974474,1,0.5895130280405283
adaptive_current,44,32,0.24659999999999999,837018,True,0.41719637737194987,0.8938524856875135,1,0.4038805100135505
adaptive_current,44,64,0.3400000000000001,837018,True,0.41719637737194987,0.8938524856875135,1,0.47932851198129356
adaptive_current,44,128,0.4412,837018,True,0.41719637737194987,0.8938524856875135,1,0.5903248281683773
adaptive_current,45,32,0.26339999999999997,842930,True,0.4178475759187701,0.8877718839118948,1,0.372821310069412
adaptive_current,45,64,0.358,842930,True,0.4178475759187701,0.8877718839118948,1,0.44528597802855074
adaptive_current,45,128,0.463,842930,True,0.4178475759187701,0.8877718839118948,1,0.601700555998832
adaptive_current,46,32,0.2528,846952,True,0.41320563630620866,0.8860737954784983,1,0.39197496813721955
adaptive_current,46,64,0.3472,846952,True,0.41320563630620866,0.8860737954784983,1,0.45381330396048725
adaptive_current,46,128,0.4546,846952,True,0.41320563630620866,0.8860737954784983,1,0.592749992152676
adaptive_current,47,32,0.261,853278,True,0.4036099008318853,0.8879821575464509,1,0.3949764601420611
adaptive_current,47,64,0.35879999999999995,853278,True,0.4036099008318853,0.8879821575464509,1,0.5112130960915238
adaptive_current,47,128,0.46,853278,True,0.4036099008318853,0.8879821575464509,1,0.6561062580440193
adaptive_current,48,32,0.253,857376,True,0.4380609409528302,0.8965083519883092,1,0.3944646641612053
adaptive_current,48,64,0.3372,857376,True,0.4380609409528302,0.8965083519883092,1,0.4995571658946574
adaptive_current,48,128,0.42979999999999996,857376,True,0.4380609409528302,0.8965083519883092,1,0.6350212120451033
adaptive_current,49,32,0.239,861994,True,0.3866715665230699,0.8827771090675879,1,0.38596359989605844
adaptive_current,49,64,0.33039999999999997,861994,True,0.3866715665230699,0.8827771090675879,1,0.4782811738550663
adaptive_current,49,128,0.43779999999999997,861994,True,0.3866715665230699,0.8827771090675879,1,0.6378370681777596
adaptive_improved,0,32,0.8252,24720,False,0.0009175472951439456,0.6377537427553123,5,2.4107570461928844
adaptive_improved,0,64,0.9062,24720,False,0.0009175472951439456,0.6377537427553123,5,2.4107570461928844
adaptive_improved,0,128,0.9576000000000001,24720,False,0.0009175472951439456,0.6377537427553123,5,2.4107570461928844
adaptive_improved,1,32,0.8168,50350,False,0.0012264293210657571,0.6517871946619529,5,2.4658647899050266
adaptive_improved,1,64,0.9002,50350,False,0.0012264293210657571,0.6517871946619529,5,2.4658647899050266
adaptive_improved,1,128,0.9552,50350,False,0.0012264293210657571,0.6517871946619529,5,2.4658647899050266
adaptive_improved,2,32,0.8332,77764,False,0.00017339651049378326,0.6499383803716959,5,2.4697453039698303
adaptive_improved,2,64,0.9126000000000001,77764,False,0.00017339651049378326,0.6499383803716959,5,2.4697453039698303
adaptive_improved,2,128,0.9558000000000001,77764,False,0.00017339651049378326,0.6499383803716959,5,2.4697453039698303
adaptive_improved,3,32,0.8332,108180,False,0.0019215340038485052,0.6601167765345265,6,2.6307198118884116
adaptive_improved,3,64,0.9094000000000001,108180,False,0.0019215340038485052,0.6601167765345265,6,2.6307198118884116
adaptive_improved,3,128,0.9568,108180,False,0.0019215340038485052,0.6601167765345265,6,2.6307198118884116
adaptive_improved,4,32,0.8334000000000001,136532,False,0.000678126531091722,0.6508018173484229,5,2.6525200300384313
adaptive_improved,4,64,0.9124000000000001,136532,False,0.000678126531091722,0.6508018173484229,5,2.6525200300384313
adaptive_improved,4,128,0.9614000000000001,136532,False,0.000678126531091722,0.6508018173484229,5,2.6525200300384313
adaptive_improved,5,32,0.8166,164015,True,0.0035097948430381715,0.6601200918024243,5,2.6935089661274105
adaptive_improved,5,64,0.904,164015,True,0.0035097948430381715,0.6601200918024243,5,2.6935089661274105
adaptive_improved,5,128,0.9626000000000001,164015,True,0.0035097948430381715,0.6601200918024243,5,2.6935089661274105
adaptive_improved,6,32,0.782,190387,False,0.0003877615825378715,0.6481585454276894,5,2.674895597854629
adaptive_improved,6,64,0.8874000000000001,190387,False,0.0003877615825378715,0.6481585454276894,5,2.674895597854629
adaptive_improved,6,128,0.9436,190387,False,0.0003877615825378715,0.6481585454276894,5,2.674895597854629
adaptive_improved,7,32,0.7168,223581,True,0.008317264051105722,0.6740255748113753,5,2.8848821138963103
adaptive_improved,7,64,0.8272,223581,True,0.008317264051105722,0.6740255748113753,5,2.8848821138963103
adaptive_improved,7,128,0.9034000000000001,223581,True,0.008317264051105722,0.6740255748113753,5,2.8848821138963103
adaptive_improved,8,32,0.6083999999999999,266694,True,0.01935305691078469,0.7023619065905791,5,3.229602274019271
adaptive_improved,8,64,0.733,266694,True,0.01935305691078469,0.7023619065905791,5,3.229602274019271
adaptive_improved,8,128,0.8352,266694,True,0.01935305691078469,0.7023619065905791,5,3.229602274019271
adaptive_improved,9,32,0.6145999999999999,304895,True,0.026640156998253294,0.7055050603685284,6,3.12438294198364
adaptive_improved,9,64,0.734,304895,True,0.026640156998253294,0.7055050603685284,6,3.12438294198364
adaptive_improved,9,128,0.83,304895,True,0.026640156998253294,0.7055050603685284,6,3.12438294198364
adaptive_improved,10,32,0.6114,349145,True,0.036116409126081814,0.7166109833031823,6,3.483943789964542
adaptive_improved,10,64,0.7328000000000001,349145,True,0.036116409126081814,0.7166109833031823,6,3.483943789964542
adaptive_improved,10,128,0.8258000000000001,349145,True,0.036116409126081814,0.7166109833031823,6,3.483943789964542
adaptive_improved,11,32,0.62,389010,True,0.0350175974489365,0.7141448419541321,7,3.429073366103694
adaptive_improved,11,64,0.745,389010,True,0.0350175974489365,0.7141448419541321,7,3.429073366103694
adaptive_improved,11,128,0.8384000000000001,389010,True,0.0350175974489365,0.7141448419541321,7,3.429073366103694
adaptive_improved,12,32,0.6156,428847,True,0.025829957242146182,0.709312639348895,6,3.4805504879914224
adaptive_improved,12,64,0.7402000000000001,428847,True,0.025829957242146182,0.709312639348895,6,3.4805504879914224
adaptive_improved,12,128,0.8384000000000001,428847,True,0.025829957242146182,0.709312639348895,6,3.4805504879914224
adaptive_improved,13,32,0.6567999999999999,474271,True,0.046599260980010146,0.7254712769256354,8,3.7696451018564403
adaptive_improved,13,64,0.751,474271,True,0.046599260980010146,0.7254712769256354,8,3.7696451018564403
adaptive_improved,13,128,0.8402000000000001,474271,True,0.046599260980010146,0.7254712769256354,8,3.7696451018564403
adaptive_improved,14,32,0.48760000000000003,533191,True,0.1009363476945162,0.7589798396863221,9,3.961809410015121
adaptive_improved,14,64,0.621,533191,True,0.1009363476945162,0.7589798396863221,9,3.961809410015121
adaptive_improved,14,128,0.7262000000000001,533191,True,0.1009363476945162,0.7589798396863221,9,3.961809410015121
adaptive_improved,15,32,0.296,613193,True,0.22161318835992605,0.8184013292646236,10,4.819363262038678
adaptive_improved,15,64,0.4112,613193,True,0.22161318835992605,0.8184013292646236,10,4.819363262038678
adaptive_improved,15,128,0.5384,613193,True,0.22161318835992605,0.8184013292646236,10,4.819363262038678
adaptive_improved,16,32,0.234,714251,True,0.40743370842634924,0.8801731908365112,10,5.458027390064672
adaptive_improved,16,64,0.3386,714251,True,0.40743370842634924,0.8801731908365112,10,5.458027390064672
adaptive_improved,16,128,0.4718,714251,True,0.40743370842634924,0.8801731908365112,10,5.458027390064672
adaptive_improved,17,32,0.2422,818234,True,0.4295005874964828,0.8912967539787883,10,6.34323219419457
adaptive_improved,17,64,0.3516,818234,True,0.4295005874964828,0.8912967539787883,10,6.34323219419457
adaptive_improved,17,128,0.45640000000000003,818234,True,0.4295005874964828,0.8912967539787883,10,6.34323219419457
adaptive_improved,18,32,0.268,915919,True,0.4314592277015656,0.9031459718995783,10,7.288937317905948
adaptive_improved,18,64,0.3654,915919,True,0.4314592277015656,0.9031459718995783,10,7.288937317905948
adaptive_improved,18,128,0.4728,915919,True,0.4314592277015656,0.9031459718995783,10,7.288937317905948
adaptive_improved,19,32,0.27620000000000006,1016553,True,0.4852411794783564,0.9237051756409278,10,8.37806041794829
adaptive_improved,19,64,0.363,1016553,True,0.4852411794783564,0.9237051756409278,10,8.37806041794829
adaptive_improved,19,128,0.46420000000000006,1016553,True,0.4852411794783564,0.9237051756409278,10,8.37806041794829
adaptive_improved,20,32,0.3066,1110235,True,0.4663567863690357,0.9175231640845776,10,9.507816541939974
adaptive_improved,20,64,0.3976,1110235,True,0.4663567863690357,0.9175231640845776,10,9.507816541939974
adaptive_improved,20,128,0.4968000000000001,1110235,True,0.4663567863690357,0.9175231640845776,10,9.507816541939974
adaptive_improved,21,32,0.3354,1204214,True,0.4897834569506997,0.921777184904182,10,10.975852217990905
adaptive_improved,21,64,0.41960000000000003,1204214,True,0.4897834569506997,0.921777184904182,10,10.975852217990905
adaptive_improved,21,128,0.5152,1204214,True,0.4897834569506997,0.921777184904182,10,10.975852217990905
adaptive_improved,22,32,0.351,1297960,True,0.5026706908017333,0.9339917794011049,10,12.539490377996117
adaptive_improved,22,64,0.43560000000000004,1297960,True,0.5026706908017333,0.9339917794011049,10,12.539490377996117
adaptive_improved,22,128,0.533,1297960,True,0.5026706908017333,0.9339917794011049,10,12.539490377996117
adaptive_improved,23,32,0.37439999999999996,1392221,True,0.5725424241801866,0.9437465422774836,10,14.349253661930561
adaptive_improved,23,64,0.44739999999999996,1392221,True,0.5725424241801866,0.9437465422774836,10,14.349253661930561
adaptive_improved,23,128,0.5334,1392221,True,0.5725424241801866,0.9437465422774836,10,14.349253661930561
adaptive_improved,24,32,0.394,1479827,True,0.5304318481532909,0.9391192267498205,10,15.650574865983799
adaptive_improved,24,64,0.46980000000000005,1479827,True,0.5304318481532909,0.9391192267498205,10,15.650574865983799
adaptive_improved,24,128,0.549,1479827,True,0.5304318481532909,0.9391192267498205,10,15.650574865983799
adaptive_improved,25,32,0.4308,1567226,True,0.6171388818425241,0.9571147009208275,10,17.70021248795092
adaptive_improved,25,64,0.49260000000000004,1567226,True,0.6171388818425241,0.9571147009208275,10,17.70021248795092
adaptive_improved,25,128,0.5726,1567226,True,0.6171388818425241,0.9571147009208275,10,17.70021248795092
adaptive_improved,26,32,0.3902,1657824,True,0.5985285852000848,0.9608012949843232,10,18.773828057805076
adaptive_improved,26,64,0.469,1657824,True,0.5985285852000848,0.9608012949843232,10,18.773828057805076
adaptive_improved,26,128,0.5456,1657824,True,0.5985285852000848,0.9608012949843232,10,18.773828057805076
adaptive_improved,27,32,0.42660000000000003,1739175,True,0.5449235747953778,0.945748787206423,10,19.34720201813616
adaptive_improved,27,64,0.49960000000000004,1739175,True,0.5449235747953778,0.945748787206423,10,19.34720201813616
adaptive_improved,27,128,0.5766,1739175,True,0.5449235747953778,0.945748787206423,10,19.34720201813616
adaptive_improved,28,32,0.43520000000000003,1820564,True,0.5791961217142143,0.9530656699184145,10,22.696284072007984
adaptive_improved,28,64,0.5092,1820564,True,0.5791961217142143,0.9530656699184145,10,22.696284072007984
adaptive_improved,28,128,0.5866,1820564,True,0.5791961217142143,0.9530656699184145,10,22.696284072007984
adaptive_improved,29,32,0.44639999999999996,1903821,True,0.6309853327335471,0.9697429319888351,10,23.53908328199759
adaptive_improved,29,64,0.511,1903821,True,0.6309853327335471,0.9697429319888351,10,23.53908328199759
adaptive_improved,29,128,0.59,1903821,True,0.6309853327335471,0.9697429319888351,10,23.53908328199759
adaptive_improved,30,32,0.4338000000000001,1980253,True,0.5857826139350474,0.9597039634511675,10,24.328642020002007
adaptive_improved,30,64,0.499,1980253,True,0.5857826139350474,0.9597039634511675,10,24.328642020002007
adaptive_improved,30,128,0.5694000000000001,1980253,True,0.5857826139350474,0.9597039634511675,10,24.328642020002007
adaptive_improved,31,32,0.46140000000000003,2059366,True,0.5765622724779678,0.9551802847467771,10,24.688621916109696
adaptive_improved,31,64,0.5252,2059366,True,0.5765622724779678,0.9551802847467771,10,24.688621916109696
adaptive_improved,31,128,0.591,2059366,True,0.5765622724779678,0.9551802847467771,10,24.688621916109696
adaptive_improved,32,32,0.47019999999999995,2138315,True,0.6429425538404345,0.970965551422561,10,26.052810773951933
adaptive_improved,32,64,0.5402,2138315,True,0.6429425538404345,0.970965551422561,10,26.052810773951933
adaptive_improved,32,128,0.6003999999999999,2138315,True,0.6429425538404345,0.970965551422561,10,26.052810773951933
adaptive_improved,33,32,0.489,2213978,True,0.6148524463008956,0.9574822185196581,10,27.70250637200661
adaptive_improved,33,64,0.5482,2213978,True,0.6148524463008956,0.9574822185196581,10,27.70250637200661
adaptive_improved,33,128,0.6162000000000001,2213978,True,0.6148524463008956,0.9574822185196581,10,27.70250637200661
adaptive_improved,34,32,0.4948,2286097,True,0.6317723001825599,0.9654104470793006,10,29.069691836135462
adaptive_improved,34,64,0.5568,2286097,True,0.6317723001825599,0.9654104470793006,10,29.069691836135462
adaptive_improved,34,128,0.6162,2286097,True,0.6317723001825599,0.9654104470793006,10,29.069691836135462
adaptive_improved,35,32,0.5038,2355913,True,0.6274910882240998,0.963656752449612,10,31.80312731396407
adaptive_improved,35,64,0.5632,2355913,True,0.6274910882240998,0.963656752449612,10,31.80312731396407
adaptive_improved,35,128,0.616,2355913,True,0.6274910882240998,0.963656752449612,10,31.80312731396407
adaptive_improved,36,32,0.4968,2424754,True,0.6630894882214009,0.9770767832585132,10,31.632913802051917
adaptive_improved,36,64,0.5568,2424754,True,0.6630894882214009,0.9770767832585132,10,31.632913802051917
adaptive_improved,36,128,0.6114,2424754,True,0.6630894882214009,0.9770767832585132,10,31.632913802051917
adaptive_improved,37,32,0.5024,2495166,True,0.7104990402374937,0.9829267442948713,10,33.16771171800792
adaptive_improved,37,64,0.5622,2495166,True,0.7104990402374937,0.9829267442948713,10,33.16771171800792
adaptive_improved,37,128,0.6132000000000001,2495166,True,0.7104990402374937,0.9829267442948713,10,33.16771171800792
adaptive_improved,38,32,0.5266,2563327,True,0.6457351436056302,0.9721014769487882,10,33.71252516401
adaptive_improved,38,64,0.5864,2563327,True,0.6457351436056302,0.9721014769487882,10,33.71252516401
adaptive_improved,38,128,0.6434000000000001,2563327,True,0.6457351436056302,0.9721014769487882,10,33.71252516401
adaptive_improved,39,32,0.5217999999999999,2630867,True,0.678415990463532,0.975728002840029,10,34.58996218000539
adaptive_improved,39,64,0.567,2630867,True,0.678415990463532,0.975728002840029,10,34.58996218000539
adaptive_improved,39,128,0.6282000000000001,2630867,True,0.678415990463532,0.975728002840029,10,34.58996218000539
adaptive_improved,40,32,0.552,2691576,True,0.6516651567212912,0.9749317080961191,10,36.63927645003423
adaptive_improved,40,64,0.6002000000000001,2691576,True,0.6516651567212912,0.9749317080961191,10,36.63927645003423
adaptive_improved,40,128,0.649,2691576,True,0.6516651567212912,0.9749317080961191,10,36.63927645003423
adaptive_improved,41,32,0.536,2751611,True,0.7049621667509666,0.9846033391306386,10,37.390771572012454
adaptive_improved,41,64,0.5845999999999999,2751611,True,0.7049621667509666,0.9846033391306386,10,37.390771572012454
adaptive_improved,41,128,0.628,2751611,True,0.7049621667509666,0.9846033391306386,10,37.390771572012454
adaptive_improved,42,32,0.5742,2808900,True,0.7169065850322658,0.9824763112633916,10,39.272467497969046
adaptive_improved,42,64,0.622,2808900,True,0.7169065850322658,0.9824763112633916,10,39.272467497969046
adaptive_improved,42,128,0.6656,2808900,True,0.7169065850322658,0.9824763112633916,10,39.272467497969046
adaptive_improved,43,32,0.5222,2868551,True,0.6312007496010718,0.9690724844900237,10,37.78643775801174
adaptive_improved,43,64,0.5768,2868551,True,0.6312007496010718,0.9690724844900237,10,37.78643775801174
adaptive_improved,43,128,0.626,2868551,True,0.6312007496010718,0.9690724844900237,10,37.78643775801174
adaptive_improved,44,32,0.5638,2924239,True,0.7056410339182746,0.980512979604677,10,40.302756623830646
adaptive_improved,44,64,0.6094,2924239,True,0.7056410339182746,0.980512979604677,10,40.302756623830646
adaptive_improved,44,128,0.6617999999999999,2924239,True,0.7056410339182746,0.980512979604677,10,40.302756623830646
adaptive_improved,45,32,0.5908,2985087,True,0.6929542569977691,0.9793385959351725,10,39.89154072199017
adaptive_improved,45,64,0.6358,2985087,True,0.6929542569977691,0.9793385959351725,10,39.89154072199017
adaptive_improved,45,128,0.6732,2985087,True,0.6929542569977691,0.9793385959351725,10,39.89154072199017
adaptive_improved,46,32,0.547,3043562,True,0.6809735577756288,0.9735790020378312,10,41.21573342802003
adaptive_improved,46,64,0.5992000000000001,3043562,True,0.6809735577756288,0.9735790020378312,10,41.21573342802003
adaptive_improved,46,128,0.6502,3043562,True,0.6809735577756288,0.9735790020378312,10,41.21573342802003
adaptive_improved,47,32,0.581,3097727,True,0.7103528764838938,0.9824177723618034,10,42.61448603007011
adaptive_improved,47,64,0.6277999999999999,3097727,True,0.7103528764838938,0.9824177723618034,10,42.61448603007011
adaptive_improved,47,128,0.6711999999999999,3097727,True,0.7103528764838938,0.9824177723618034,10,42.61448603007011
adaptive_improved,48,32,0.5638000000000001,3152192,True,0.7155614954710066,0.984651450270899,10,43.86222460586578
adaptive_improved,48,64,0.6033999999999999,3152192,True,0.7155614954710066,0.984651450270899,10,43.86222460586578
adaptive_improved,48,128,0.6416000000000001,3152192,True,0.7155614954710066,0.984651450270899,10,43.86222460586578
adaptive_improved,49,32,0.566,3205386,True,0.7502012676990032,0.988081615630657,10,44.82600665395148
adaptive_improved,49,64,0.6164,3205386,True,0.7502012676990032,0.988081615630657,10,44.82600665395148
adaptive_improved,49,128,0.6656,3205386,True,0.7502012676990032,0.988081615630657,10,44.82600665395148
