condition,epoch,ef,recall,edge_count
static,0,32,0.8298,0
static,0,64,0.916,0
static,0,128,0.9618,0
static,1,32,0.8208000000000001,0
static,1,64,0.9017999999999999,0
static,1,128,0.9564000000000001,0
static,2,32,0.8234000000000001,0
static,2,64,0.9084000000000001,0
static,2,128,0.9582,0
static,3,32,0.812,0
static,3,64,0.8982,0
static,3,128,0.9518,0
static,4,32,0.8140000000000002,0
static,4,64,0.908,0
static,4,128,0.9592,0
static,5,32,0.8174000000000001,0
static,5,64,0.9064000000000001,0
static,5,128,0.9581999999999999,0
static,6,32,0.8326,0
static,6,64,0.9148,0
static,6,128,0.9626000000000001,0
static,7,32,0.8188000000000001,0
static,7,64,0.901,0
static,7,128,0.9526000000000001,0
static,8,32,0.8142,0
static,8,64,0.9048,0
static,8,128,0.9538,0
static,9,32,0.8192,0
static,9,64,0.9047999999999999,0
static,9,128,0.9556,0
static,10,32,0.809,0
static,10,64,0.8990000000000001,0
static,10,128,0.95,0
static,11,32,0.8308,0
static,11,64,0.9132,0
static,11,128,0.9592,0
static,12,32,0.8104000000000001,0
static,12,64,0.8962,0
static,12,128,0.9492,0
static,13,32,0.8528,0
static,13,64,0.9308000000000001,0
static,13,128,0.9648000000000001,0
static,14,32,0.8522000000000001,0
static,14,64,0.9236,0
static,14,128,0.9658,0
static,15,32,0.846,0
static,15,64,0.9228000000000001,0
static,15,128,0.9656000000000001,0
static,16,32,0.8398,0
static,16,64,0.9142,0
static,16,128,0.9562,0
static,17,32,0.846,0
static,17,64,0.9178000000000001,0
static,17,128,0.9616,0
static,18,32,0.8424,0
static,18,64,0.9156,0
static,18,128,0.9576,0
static,19,32,0.8528000000000001,0
static,19,64,0.9236000000000001,0
static,19,128,0.9648000000000001,0
static,20,32,0.8344000000000001,0
static,20,64,0.9128000000000001,0
static,20,128,0.958,0
static,21,32,0.822,0
static,21,64,0.893,0
static,21,128,0.9486,0
static,22,32,0.8458,0
static,22,64,0.9140000000000001,0
static,22,128,0.9628,0
static,23,32,0.8446,0
static,23,64,0.9154,0
static,23,128,0.9604,0
static,24,32,0.8402000000000001,0
static,24,64,0.914,0
static,24,128,0.9578000000000001,0
adaptive_eh,0,32,0.8298,0
adaptive_eh,0,64,0.916,0
adaptive_eh,0,128,0.9618,0
adaptive_eh,1,32,0.8208000000000001,0
adaptive_eh,1,64,0.9017999999999999,0
adaptive_eh,1,128,0.9564000000000001,0
adaptive_eh,2,32,0.8234000000000001,0
adaptive_eh,2,64,0.9084000000000001,0
adaptive_eh,2,128,0.9582,0
adaptive_eh,3,32,0.812,0
adaptive_eh,3,64,0.8982,0
adaptive_eh,3,128,0.9518,0
adaptive_eh,4,32,0.8140000000000002,0
adaptive_eh,4,64,0.908,0
adaptive_eh,4,128,0.9592,0
adaptive_eh,5,32,0.8174000000000001,0
adaptive_eh,5,64,0.9064000000000001,0
adaptive_eh,5,128,0.9581999999999999,0
adaptive_eh,6,32,0.8326,17420
adaptive_eh,6,64,0.9148,17420
adaptive_eh,6,128,0.9626000000000001,17420
adaptive_eh,7,32,0.819,17420
adaptive_eh,7,64,0.901,17420
adaptive_eh,7,128,0.9526000000000001,17420
adaptive_eh,8,32,0.8145999999999999,17420
adaptive_eh,8,64,0.9048,17420
adaptive_eh,8,128,0.9538,17420
adaptive_eh,9,32,0.8206,17420
adaptive_eh,9,64,0.9057999999999999,17420
adaptive_eh,9,128,0.9556,17420
adaptive_eh,10,32,0.8094000000000001,34296
adaptive_eh,10,64,0.8990000000000001,34296
adaptive_eh,10,128,0.95,34296
adaptive_eh,11,32,0.834,34296
adaptive_eh,11,64,0.9135999999999999,34296
adaptive_eh,11,128,0.9594000000000001,34296
adaptive_eh,12,32,0.8128,34296
adaptive_eh,12,64,0.8974000000000001,34296
adaptive_eh,12,128,0.9492,34296
adaptive_eh,13,32,0.8568,52700
adaptive_eh,13,64,0.9324000000000001,52700
adaptive_eh,13,128,0.9656,52700
adaptive_eh,14,32,0.8732000000000001,67325
adaptive_eh,14,64,0.9294000000000001,67325
adaptive_eh,14,128,0.9672000000000001,67325
adaptive_eh,15,32,0.8757999999999999,77446
adaptive_eh,15,64,0.9358000000000001,77446
adaptive_eh,15,128,0.969,77446
adaptive_eh,16,32,0.8762000000000001,85432
adaptive_eh,16,64,0.9286000000000001,85432
adaptive_eh,16,128,0.9596000000000001,85432
adaptive_eh,17,32,0.8862000000000001,91184
adaptive_eh,17,64,0.9342,91184
adaptive_eh,17,128,0.967,91184
adaptive_eh,18,32,0.8800000000000001,95713
adaptive_eh,18,64,0.9334000000000001,95713
adaptive_eh,18,128,0.9624000000000001,95713
adaptive_eh,19,32,0.8922,100200
adaptive_eh,19,64,0.9374000000000001,100200
adaptive_eh,19,128,0.9686,100200
adaptive_eh,20,32,0.8892,104560
adaptive_eh,20,64,0.9384000000000001,104560
adaptive_eh,20,128,0.9658,104560
adaptive_eh,21,32,0.8837999999999999,107870
adaptive_eh,21,64,0.9246000000000001,107870
adaptive_eh,21,128,0.957,107870
adaptive_eh,22,32,0.9008,110980
adaptive_eh,22,64,0.9396000000000001,110980
adaptive_eh,22,128,0.9688,110980
adaptive_eh,23,32,0.9040000000000001,112901
adaptive_eh,23,64,0.9434000000000001,112901
adaptive_eh,23,128,0.9686000000000001,112901
adaptive_eh,24,32,0.9022,115987
adaptive_eh,24,64,0.9444000000000001,115987
adaptive_eh,24,128,0.968,115987
adaptive_layer0_eh,0,32,0.8298,0
adaptive_layer0_eh,0,64,0.916,0
adaptive_layer0_eh,0,128,0.9618,0
adaptive_layer0_eh,1,32,0.8208000000000001,0
adaptive_layer0_eh,1,64,0.9017999999999999,0
adaptive_layer0_eh,1,128,0.9564000000000001,0
adaptive_layer0_eh,2,32,0.8234000000000001,0
adaptive_layer0_eh,2,64,0.9084000000000001,0
adaptive_layer0_eh,2,128,0.9582,0
adaptive_layer0_eh,3,32,0.812,0
adaptive_layer0_eh,3,64,0.8982,0
adaptive_layer0_eh,3,128,0.9518,0
adaptive_layer0_eh,4,32,0.8140000000000002,0
adaptive_layer0_eh,4,64,0.908,0
adaptive_layer0_eh,4,128,0.9592,0
adaptive_layer0_eh,5,32,0.8174000000000001,0
adaptive_layer0_eh,5,64,0.9064000000000001,0
adaptive_layer0_eh,5,128,0.9581999999999999,0
adaptive_layer0_eh,6,32,0.8326,8894
adaptive_layer0_eh,6,64,0.9148,8894
adaptive_layer0_eh,6,128,0.9626000000000001,8894
adaptive_layer0_eh,7,32,0.8188000000000001,8894
adaptive_layer0_eh,7,64,0.901,8894
adaptive_layer0_eh,7,128,0.9526000000000001,8894
adaptive_layer0_eh,8,32,0.8142,8894
adaptive_layer0_eh,8,64,0.9048,8894
adaptive_layer0_eh,8,128,0.9538,8894
adaptive_layer0_eh,9,32,0.8194000000000001,8894
adaptive_layer0_eh,9,64,0.905,8894
adaptive_layer0_eh,9,128,0.9556,8894
adaptive_layer0_eh,10,32,0.809,16986
adaptive_layer0_eh,10,64,0.8990000000000001,16986
adaptive_layer0_eh,10,128,0.95,16986
adaptive_layer0_eh,11,32,0.8314000000000001,16986
adaptive_layer0_eh,11,64,0.9134,16986
adaptive_layer0_eh,11,128,0.9594000000000001,16986
adaptive_layer0_eh,12,32,0.8105999999999999,16986
adaptive_layer0_eh,12,64,0.8964000000000001,16986
adaptive_layer0_eh,12,128,0.9492,16986
adaptive_layer0_eh,13,32,0.8532000000000001,25239
adaptive_layer0_eh,13,64,0.9312,25239
adaptive_layer0_eh,13,128,0.9650000000000001,25239
adaptive_layer0_eh,14,32,0.8592000000000001,29233
adaptive_layer0_eh,14,64,0.9258,29233
adaptive_layer0_eh,14,128,0.9658,29233
adaptive_layer0_eh,15,32,0.8532000000000001,33065
adaptive_layer0_eh,15,64,0.9280000000000002,33065
adaptive_layer0_eh,15,128,0.9668,33065
adaptive_layer0_eh,16,32,0.8506000000000001,35158
adaptive_layer0_eh,16,64,0.9186000000000001,35158
adaptive_layer0_eh,16,128,0.957,35158
adaptive_layer0_eh,17,32,0.8614,36669
adaptive_layer0_eh,17,64,0.923,36669
adaptive_layer0_eh,17,128,0.963,36669
adaptive_layer0_eh,18,32,0.8534,37969
adaptive_layer0_eh,18,64,0.9194000000000001,37969
adaptive_layer0_eh,18,128,0.9588000000000001,37969
adaptive_layer0_eh,19,32,0.8623999999999999,39572
adaptive_layer0_eh,19,64,0.9264000000000001,39572
adaptive_layer0_eh,19,128,0.9652000000000001,39572
adaptive_layer0_eh,20,32,0.8488,40127
adaptive_layer0_eh,20,64,0.9176000000000001,40127
adaptive_layer0_eh,20,128,0.9594000000000001,40127
adaptive_layer0_eh,21,32,0.84,41277
adaptive_layer0_eh,21,64,0.9016000000000001,41277
adaptive_layer0_eh,21,128,0.9502,41277
adaptive_layer0_eh,22,32,0.8572000000000002,42240
adaptive_layer0_eh,22,64,0.9218000000000001,42240
adaptive_layer0_eh,22,128,0.9648,42240
adaptive_layer0_eh,23,32,0.8608000000000001,43079
adaptive_layer0_eh,23,64,0.922,43079
adaptive_layer0_eh,23,128,0.9625999999999999,43079
adaptive_layer0_eh,24,32,0.856,43887
adaptive_layer0_eh,24,64,0.9208,43887
adaptive_layer0_eh,24,128,0.96,43887
