condition,epoch,ef,recall,edge_count,lN_attempts,l0_edge_count,lN_edge_count
static,0,32,0.9822000000000001,0,,,
static,0,64,0.9944,0,,,
static,0,128,0.9992000000000001,0,,,
static,1,32,0.984,0,,,
static,1,64,0.9972000000000001,0,,,
static,1,128,0.999,0,,,
static,2,32,0.983,0,,,
static,2,64,0.9967999999999999,0,,,
static,2,128,0.9994,0,,,
static,3,32,0.9832000000000001,0,,,
static,3,64,0.9946,0,,,
static,3,128,0.9985999999999999,0,,,
static,4,32,0.988,0,,,
static,4,64,0.9966000000000002,0,,,
static,4,128,0.9992000000000001,0,,,
static,5,32,0.9866000000000001,0,,,
static,5,64,0.9962000000000001,0,,,
static,5,128,0.999,0,,,
static,6,32,0.9816000000000001,0,,,
static,6,64,0.9962000000000001,0,,,
static,6,128,0.9987999999999999,0,,,
static,7,32,0.9624000000000001,0,,,
static,7,64,0.9888000000000001,0,,,
static,7,128,0.998,0,,,
static,8,32,0.9262,0,,,
static,8,64,0.9724,0,,,
static,8,128,0.992,0,,,
static,9,32,0.8652000000000001,0,,,
static,9,64,0.9388000000000002,0,,,
static,9,128,0.9818000000000001,0,,,
static,10,32,0.8644000000000001,0,,,
static,10,64,0.9424000000000001,0,,,
static,10,128,0.9816000000000001,0,,,
static,11,32,0.879,0,,,
static,11,64,0.9496000000000001,0,,,
static,11,128,0.9838,0,,,
static,12,32,0.8666,0,,,
static,12,64,0.9442,0,,,
static,12,128,0.9848000000000001,0,,,
static,13,32,0.8732000000000001,0,,,
static,13,64,0.949,0,,,
static,13,128,0.9824,0,,,
static,14,32,0.8656,0,,,
static,14,64,0.9472,0,,,
static,14,128,0.9834,0,,,
static,15,32,0.8746,0,,,
static,15,64,0.9438000000000001,0,,,
static,15,128,0.9828000000000001,0,,,
static,16,32,0.7832,0,,,
static,16,64,0.889,0,,,
static,16,128,0.956,0,,,
static,17,32,0.6826,0,,,
static,17,64,0.8146000000000001,0,,,
static,17,128,0.9102,0,,,
static,18,32,0.5905999999999999,0,,,
static,18,64,0.7298000000000001,0,,,
static,18,128,0.8396,0,,,
static,19,32,0.5032,0,,,
static,19,64,0.6418,0,,,
static,19,128,0.7557999999999999,0,,,
static,20,32,0.4772,0,,,
static,20,64,0.6142,0,,,
static,20,128,0.7304,0,,,
static,21,32,0.514,0,,,
static,21,64,0.6476000000000001,0,,,
static,21,128,0.7547999999999999,0,,,
static,22,32,0.5078,0,,,
static,22,64,0.6397999999999999,0,,,
static,22,128,0.7596,0,,,
static,23,32,0.48579999999999995,0,,,
static,23,64,0.614,0,,,
static,23,128,0.7422000000000001,0,,,
static,24,32,0.5085999999999999,0,,,
static,24,64,0.639,0,,,
static,24,128,0.7546,0,,,
adaptive_eh,0,32,0.9822000000000001,0,,,
adaptive_eh,0,64,0.9944,0,,,
adaptive_eh,0,128,0.9992000000000001,0,,,
adaptive_eh,1,32,0.984,0,,,
adaptive_eh,1,64,0.9972000000000001,0,,,
adaptive_eh,1,128,0.999,0,,,
adaptive_eh,2,32,0.983,0,,,
adaptive_eh,2,64,0.9967999999999999,0,,,
adaptive_eh,2,128,0.9994,0,,,
adaptive_eh,3,32,0.9832000000000001,0,,,
adaptive_eh,3,64,0.9946,0,,,
adaptive_eh,3,128,0.9985999999999999,0,,,
adaptive_eh,4,32,0.988,0,,,
adaptive_eh,4,64,0.9966000000000002,0,,,
adaptive_eh,4,128,0.9992000000000001,0,,,
adaptive_eh,5,32,0.9866000000000001,0,,,
adaptive_eh,5,64,0.9962000000000001,0,,,
adaptive_eh,5,128,0.999,0,,,
adaptive_eh,6,32,0.9816000000000001,0,,,
adaptive_eh,6,64,0.9962000000000001,0,,,
adaptive_eh,6,128,0.9987999999999999,0,,,
adaptive_eh,7,32,0.9624000000000001,21386,,,
adaptive_eh,7,64,0.9888000000000001,21386,,,
adaptive_eh,7,128,0.998,21386,,,
adaptive_eh,8,32,0.9280000000000002,42706,,,
adaptive_eh,8,64,0.9728,42706,,,
adaptive_eh,8,128,0.992,42706,,,
adaptive_eh,9,32,0.8734000000000001,62336,,,
adaptive_eh,9,64,0.942,62336,,,
adaptive_eh,9,128,0.9834,62336,,,
adaptive_eh,10,32,0.8888,78275,,,
adaptive_eh,10,64,0.9546000000000001,78275,,,
adaptive_eh,10,128,0.9856,78275,,,
adaptive_eh,11,32,0.9070000000000001,88480,,,
adaptive_eh,11,64,0.963,88480,,,
adaptive_eh,11,128,0.9874,88480,,,
adaptive_eh,12,32,0.8994000000000001,97631,,,
adaptive_eh,12,64,0.9574000000000001,97631,,,
adaptive_eh,12,128,0.9894,97631,,,
adaptive_eh,13,32,0.909,105619,,,
adaptive_eh,13,64,0.9614,105619,,,
adaptive_eh,13,128,0.9864,105619,,,
adaptive_eh,14,32,0.9074000000000001,112243,,,
adaptive_eh,14,64,0.9646,112243,,,
adaptive_eh,14,128,0.9882,112243,,,
adaptive_eh,15,32,0.9096000000000001,112243,,,
adaptive_eh,15,64,0.9596,112243,,,
adaptive_eh,15,128,0.9858,112243,,,
adaptive_eh,16,32,0.8615999999999999,122492,,,
adaptive_eh,16,64,0.9284000000000001,122492,,,
adaptive_eh,16,128,0.9688,122492,,,
adaptive_eh,17,32,0.8054000000000001,128899,,,
adaptive_eh,17,64,0.879,128899,,,
adaptive_eh,17,128,0.9376,128899,,,
adaptive_eh,18,32,0.7564000000000001,134682,,,
adaptive_eh,18,64,0.8284,134682,,,
adaptive_eh,18,128,0.8878,134682,,,
adaptive_eh,19,32,0.6446,141802,,,
adaptive_eh,19,64,0.7308,141802,,,
adaptive_eh,19,128,0.8036,141802,,,
adaptive_eh,20,32,0.6794,147227,,,
adaptive_eh,20,64,0.7514000000000001,147227,,,
adaptive_eh,20,128,0.8158,147227,,,
adaptive_eh,21,32,0.7348,150229,,,
adaptive_eh,21,64,0.7898,150229,,,
adaptive_eh,21,128,0.843,150229,,,
adaptive_eh,22,32,0.7692,152227,,,
adaptive_eh,22,64,0.8192,152227,,,
adaptive_eh,22,128,0.871,152227,,,
adaptive_eh,23,32,0.7607999999999999,154205,,,
adaptive_eh,23,64,0.7975999999999999,154205,,,
adaptive_eh,23,128,0.8526,154205,,,
adaptive_eh,24,32,0.7716000000000002,65995,,,
adaptive_eh,24,64,0.815,65995,,,
adaptive_eh,24,128,0.8562000000000001,65995,,,
adaptive_layer0_eh,0,32,0.9822000000000001,0,,,
adaptive_layer0_eh,0,64,0.9944,0,,,
adaptive_layer0_eh,0,128,0.9992000000000001,0,,,
adaptive_layer0_eh,1,32,0.984,0,,,
adaptive_layer0_eh,1,64,0.9972000000000001,0,,,
adaptive_layer0_eh,1,128,0.999,0,,,
adaptive_layer0_eh,2,32,0.983,0,,,
adaptive_layer0_eh,2,64,0.9967999999999999,0,,,
adaptive_layer0_eh,2,128,0.9994,0,,,
adaptive_layer0_eh,3,32,0.9832000000000001,0,,,
adaptive_layer0_eh,3,64,0.9946,0,,,
adaptive_layer0_eh,3,128,0.9985999999999999,0,,,
adaptive_layer0_eh,4,32,0.988,0,,,
adaptive_layer0_eh,4,64,0.9966000000000002,0,,,
adaptive_layer0_eh,4,128,0.9992000000000001,0,,,
adaptive_layer0_eh,5,32,0.9866000000000001,0,,,
adaptive_layer0_eh,5,64,0.9962000000000001,0,,,
adaptive_layer0_eh,5,128,0.999,0,,,
adaptive_layer0_eh,6,32,0.9816000000000001,0,,,
adaptive_layer0_eh,6,64,0.9962000000000001,0,,,
adaptive_layer0_eh,6,128,0.9987999999999999,0,,,
adaptive_layer0_eh,7,32,0.9624000000000001,9746,,,
adaptive_layer0_eh,7,64,0.9888000000000001,9746,,,
adaptive_layer0_eh,7,128,0.998,9746,,,
adaptive_layer0_eh,8,32,0.9268000000000002,16890,,,
adaptive_layer0_eh,8,64,0.9726,16890,,,
adaptive_layer0_eh,8,128,0.992,16890,,,
adaptive_layer0_eh,9,32,0.866,22606,,,
adaptive_layer0_eh,9,64,0.9396000000000001,22606,,,
adaptive_layer0_eh,9,128,0.9822000000000001,22606,,,
adaptive_layer0_eh,10,32,0.8697999999999999,27178,,,
adaptive_layer0_eh,10,64,0.948,27178,,,
adaptive_layer0_eh,10,128,0.9832000000000001,27178,,,
adaptive_layer0_eh,11,32,0.8844000000000001,30941,,,
adaptive_layer0_eh,11,64,0.9532,30941,,,
adaptive_layer0_eh,11,128,0.9846,30941,,,
adaptive_layer0_eh,12,32,0.8726000000000002,34545,,,
adaptive_layer0_eh,12,64,0.948,34545,,,
adaptive_layer0_eh,12,128,0.9856,34545,,,
adaptive_layer0_eh,13,32,0.8798,37789,,,
adaptive_layer0_eh,13,64,0.9506000000000001,37789,,,
adaptive_layer0_eh,13,128,0.9834,37789,,,
adaptive_layer0_eh,14,32,0.8708,40337,,,
adaptive_layer0_eh,14,64,0.9508,40337,,,
adaptive_layer0_eh,14,128,0.9842000000000001,40337,,,
adaptive_layer0_eh,15,32,0.8828,42536,,,
adaptive_layer0_eh,15,64,0.9476,42536,,,
adaptive_layer0_eh,15,128,0.9842000000000001,42536,,,
adaptive_layer0_eh,16,32,0.7964000000000001,44239,,,
adaptive_layer0_eh,16,64,0.8988,44239,,,
adaptive_layer0_eh,16,128,0.9606000000000001,44239,,,
adaptive_layer0_eh,17,32,0.7,46373,,,
adaptive_layer0_eh,17,64,0.8274000000000001,46373,,,
adaptive_layer0_eh,17,128,0.9164000000000001,46373,,,
adaptive_layer0_eh,18,32,0.6192000000000001,48561,,,
adaptive_layer0_eh,18,64,0.7494000000000001,48561,,,
adaptive_layer0_eh,18,128,0.8502000000000001,48561,,,
adaptive_layer0_eh,19,32,0.5272,52751,,,
adaptive_layer0_eh,19,64,0.658,52751,,,
adaptive_layer0_eh,19,128,0.7674000000000001,52751,,,
adaptive_layer0_eh,20,32,0.552,55121,,,
adaptive_layer0_eh,20,64,0.6886,55121,,,
adaptive_layer0_eh,20,128,0.7952,55121,,,
adaptive_layer0_eh,21,32,0.5838,56782,,,
adaptive_layer0_eh,21,64,0.7108,56782,,,
adaptive_layer0_eh,21,128,0.817,56782,,,
adaptive_layer0_eh,22,32,0.5818,58310,,,
adaptive_layer0_eh,22,64,0.7004000000000001,58310,,,
adaptive_layer0_eh,22,128,0.8144000000000001,58310,,,
adaptive_layer0_eh,23,32,0.5561999999999999,59946,,,
adaptive_layer0_eh,23,64,0.6846000000000001,59946,,,
adaptive_layer0_eh,23,128,0.7982,59946,,,
adaptive_layer0_eh,24,32,0.5754,61087,,,
adaptive_layer0_eh,24,64,0.6942,61087,,,
adaptive_layer0_eh,24,128,0.8066,61087,,,
adaptive_layerN_eh,0,32,0.9822000000000001,0,0.0,,
adaptive_layerN_eh,0,64,0.9944,0,0.0,,
adaptive_layerN_eh,0,128,0.9992000000000001,0,0.0,,
adaptive_layerN_eh,1,32,0.984,0,0.0,,
adaptive_layerN_eh,1,64,0.9972000000000001,0,0.0,,
adaptive_layerN_eh,1,128,0.999,0,0.0,,
adaptive_layerN_eh,2,32,0.983,0,0.0,,
adaptive_layerN_eh,2,64,0.9967999999999999,0,0.0,,
adaptive_layerN_eh,2,128,0.9994,0,0.0,,
adaptive_layerN_eh,3,32,0.9832000000000001,0,0.0,,
adaptive_layerN_eh,3,64,0.9946,0,0.0,,
adaptive_layerN_eh,3,128,0.9985999999999999,0,0.0,,
adaptive_layerN_eh,4,32,0.988,0,0.0,,
adaptive_layerN_eh,4,64,0.9966000000000002,0,0.0,,
adaptive_layerN_eh,4,128,0.9992000000000001,0,0.0,,
adaptive_layerN_eh,5,32,0.9866000000000001,0,0.0,,
adaptive_layerN_eh,5,64,0.9962000000000001,0,0.0,,
adaptive_layerN_eh,5,128,0.999,0,0.0,,
adaptive_layerN_eh,6,32,0.9816000000000001,0,0.0,,
adaptive_layerN_eh,6,64,0.9962000000000001,0,0.0,,
adaptive_layerN_eh,6,128,0.9987999999999999,0,0.0,,
adaptive_layerN_eh,7,32,0.9624000000000001,37,76.0,,
adaptive_layerN_eh,7,64,0.9888000000000001,37,76.0,,
adaptive_layerN_eh,7,128,0.998,37,76.0,,
adaptive_layerN_eh,8,32,0.9262,68,145.0,,
adaptive_layerN_eh,8,64,0.9724,68,145.0,,
adaptive_layerN_eh,8,128,0.992,68,145.0,,
adaptive_layerN_eh,9,32,0.8652000000000001,105,229.0,,
adaptive_layerN_eh,9,64,0.9388000000000002,105,229.0,,
adaptive_layerN_eh,9,128,0.9818000000000001,105,229.0,,
adaptive_layerN_eh,10,32,0.8644000000000001,123,274.0,,
adaptive_layerN_eh,10,64,0.9424000000000001,123,274.0,,
adaptive_layerN_eh,10,128,0.9816000000000001,123,274.0,,
adaptive_layerN_eh,11,32,0.879,148,344.0,,
adaptive_layerN_eh,11,64,0.9496000000000001,148,344.0,,
adaptive_layerN_eh,11,128,0.9838,148,344.0,,
adaptive_layerN_eh,12,32,0.8667999999999999,158,396.0,,
adaptive_layerN_eh,12,64,0.9442,158,396.0,,
adaptive_layerN_eh,12,128,0.9848000000000001,158,396.0,,
adaptive_layerN_eh,13,32,0.8732000000000001,177,456.0,,
adaptive_layerN_eh,13,64,0.949,177,456.0,,
adaptive_layerN_eh,13,128,0.9824,177,456.0,,
adaptive_layerN_eh,14,32,0.8656,187,522.0,,
adaptive_layerN_eh,14,64,0.9472,187,522.0,,
adaptive_layerN_eh,14,128,0.9834,187,522.0,,
adaptive_layerN_eh,15,32,0.8746,198,572.0,,
adaptive_layerN_eh,15,64,0.9438000000000001,198,572.0,,
adaptive_layerN_eh,15,128,0.9828000000000001,198,572.0,,
adaptive_layerN_eh,16,32,0.782,225,650.0,,
adaptive_layerN_eh,16,64,0.8884000000000001,225,650.0,,
adaptive_layerN_eh,16,128,0.956,225,650.0,,
adaptive_layerN_eh,17,32,0.6832,251,724.0,,
adaptive_layerN_eh,17,64,0.8152,251,724.0,,
adaptive_layerN_eh,17,128,0.9108,251,724.0,,
adaptive_layerN_eh,18,32,0.5908,260,783.0,,
adaptive_layerN_eh,18,64,0.73,260,783.0,,
adaptive_layerN_eh,18,128,0.8396,260,783.0,,
adaptive_layerN_eh,19,32,0.504,296,862.0,,
adaptive_layerN_eh,19,64,0.6422,296,862.0,,
adaptive_layerN_eh,19,128,0.7557999999999999,296,862.0,,
adaptive_layerN_eh,20,32,0.4778,324,949.0,,
adaptive_layerN_eh,20,64,0.6137999999999999,324,949.0,,
adaptive_layerN_eh,20,128,0.73,324,949.0,,
adaptive_layerN_eh,21,32,0.5166,346,1023.0,,
adaptive_layerN_eh,21,64,0.6472,346,1023.0,,
adaptive_layerN_eh,21,128,0.7552000000000001,346,1023.0,,
adaptive_layerN_eh,22,32,0.5118,362,1114.0,,
adaptive_layerN_eh,22,64,0.6407999999999999,362,1114.0,,
adaptive_layerN_eh,22,128,0.7598,362,1114.0,,
adaptive_layerN_eh,23,32,0.4854,390,1218.0,,
adaptive_layerN_eh,23,64,0.6154,390,1218.0,,
adaptive_layerN_eh,23,128,0.7448,390,1218.0,,
adaptive_layerN_eh,24,32,0.5112,397,1309.0,,
adaptive_layerN_eh,24,64,0.6374,397,1309.0,,
adaptive_layerN_eh,24,128,0.7570000000000001,397,1309.0,,
hybrid_l0_lN,0,32,0.9822000000000001,0,,0.0,0.0
hybrid_l0_lN,0,64,0.9944,0,,0.0,0.0
hybrid_l0_lN,0,128,0.9992000000000001,0,,0.0,0.0
hybrid_l0_lN,1,32,0.984,0,,0.0,0.0
hybrid_l0_lN,1,64,0.9972000000000001,0,,0.0,0.0
hybrid_l0_lN,1,128,0.999,0,,0.0,0.0
hybrid_l0_lN,2,32,0.983,0,,0.0,0.0
hybrid_l0_lN,2,64,0.9967999999999999,0,,0.0,0.0
hybrid_l0_lN,2,128,0.9994,0,,0.0,0.0
hybrid_l0_lN,3,32,0.9832000000000001,0,,0.0,0.0
hybrid_l0_lN,3,64,0.9946,0,,0.0,0.0
hybrid_l0_lN,3,128,0.9985999999999999,0,,0.0,0.0
hybrid_l0_lN,4,32,0.988,0,,0.0,0.0
hybrid_l0_lN,4,64,0.9966000000000002,0,,0.0,0.0
hybrid_l0_lN,4,128,0.9992000000000001,0,,0.0,0.0
hybrid_l0_lN,5,32,0.9866000000000001,0,,0.0,0.0
hybrid_l0_lN,5,64,0.9962000000000001,0,,0.0,0.0
hybrid_l0_lN,5,128,0.999,0,,0.0,0.0
hybrid_l0_lN,6,32,0.9816000000000001,0,,0.0,0.0
hybrid_l0_lN,6,64,0.9962000000000001,0,,0.0,0.0
hybrid_l0_lN,6,128,0.9987999999999999,0,,0.0,0.0
hybrid_l0_lN,7,32,0.9624000000000001,37,,9746.0,37.0
hybrid_l0_lN,7,64,0.9888000000000001,37,,9746.0,37.0
hybrid_l0_lN,7,128,0.998,37,,9746.0,37.0
hybrid_l0_lN,8,32,0.9268000000000002,68,,16890.0,68.0
hybrid_l0_lN,8,64,0.9726,68,,16890.0,68.0
hybrid_l0_lN,8,128,0.992,68,,16890.0,68.0
hybrid_l0_lN,9,32,0.866,108,,22606.0,108.0
hybrid_l0_lN,9,64,0.9396000000000001,108,,22606.0,108.0
hybrid_l0_lN,9,128,0.9822000000000001,108,,22606.0,108.0
hybrid_l0_lN,10,32,0.8697999999999999,126,,27178.0,126.0
hybrid_l0_lN,10,64,0.948,126,,27178.0,126.0
hybrid_l0_lN,10,128,0.9832000000000001,126,,27178.0,126.0
hybrid_l0_lN,11,32,0.8844000000000001,149,,30941.0,149.0
hybrid_l0_lN,11,64,0.9532,149,,30941.0,149.0
hybrid_l0_lN,11,128,0.9846,149,,30941.0,149.0
hybrid_l0_lN,12,32,0.8728000000000001,157,,34545.0,157.0
hybrid_l0_lN,12,64,0.948,157,,34545.0,157.0
hybrid_l0_lN,12,128,0.9856,157,,34545.0,157.0
hybrid_l0_lN,13,32,0.8798,176,,37789.0,176.0
hybrid_l0_lN,13,64,0.9506000000000001,176,,37789.0,176.0
hybrid_l0_lN,13,128,0.9834,176,,37789.0,176.0
hybrid_l0_lN,14,32,0.8708,186,,40337.0,186.0
hybrid_l0_lN,14,64,0.9508,186,,40337.0,186.0
hybrid_l0_lN,14,128,0.9842000000000001,186,,40337.0,186.0
hybrid_l0_lN,15,32,0.8828,196,,42536.0,196.0
hybrid_l0_lN,15,64,0.9476,196,,42536.0,196.0
hybrid_l0_lN,15,128,0.9842000000000001,196,,42536.0,196.0
hybrid_l0_lN,16,32,0.7952,226,,44237.0,226.0
hybrid_l0_lN,16,64,0.8982,226,,44237.0,226.0
hybrid_l0_lN,16,128,0.9606000000000001,226,,44237.0,226.0
hybrid_l0_lN,17,32,0.6994,252,,46373.0,252.0
hybrid_l0_lN,17,64,0.8276,252,,46373.0,252.0
hybrid_l0_lN,17,128,0.9166000000000001,252,,46373.0,252.0
hybrid_l0_lN,18,32,0.6185999999999999,264,,48558.0,264.0
hybrid_l0_lN,18,64,0.7496,264,,48558.0,264.0
hybrid_l0_lN,18,128,0.8504,264,,48558.0,264.0
hybrid_l0_lN,19,32,0.5274000000000001,301,,52762.0,301.0
hybrid_l0_lN,19,64,0.6592,301,,52762.0,301.0
hybrid_l0_lN,19,128,0.7676000000000002,301,,52762.0,301.0
hybrid_l0_lN,20,32,0.5524000000000001,334,,55128.0,334.0
hybrid_l0_lN,20,64,0.6884000000000001,334,,55128.0,334.0
hybrid_l0_lN,20,128,0.795,334,,55128.0,334.0
hybrid_l0_lN,21,32,0.5835999999999999,355,,56798.0,355.0
hybrid_l0_lN,21,64,0.709,355,,56798.0,355.0
hybrid_l0_lN,21,128,0.8164,355,,56798.0,355.0
hybrid_l0_lN,22,32,0.5774000000000001,376,,58351.0,376.0
hybrid_l0_lN,22,64,0.6992,376,,58351.0,376.0
hybrid_l0_lN,22,128,0.8136000000000001,376,,58351.0,376.0
hybrid_l0_lN,23,32,0.5542,390,,59933.0,390.0
hybrid_l0_lN,23,64,0.6832,390,,59933.0,390.0
hybrid_l0_lN,23,128,0.8012,390,,59933.0,390.0
hybrid_l0_lN,24,32,0.569,395,,61038.0,395.0
hybrid_l0_lN,24,64,0.6892,395,,61038.0,395.0
hybrid_l0_lN,24,128,0.7998,395,,61038.0,395.0
