shift_sigma,shift_absolute,ef_search,mean_recall,mean_ep_distance,mean_bl_entry_distance,mean_ul_dist_comps,mean_layer1_visits,mean_base_visited,mean_base_dist_comps,mean_candidates_remaining,n_queries
0,0.0,10,0.0215,554322.5212,423460.6194,121.516,27.074,14.879,454.121,34.194,1000
0,0.0,20,0.0394,554322.5212,423460.6194,121.516,27.074,27.498,835.03,69.385,1000
0,0.0,50,0.0771,554322.5212,423460.6194,121.516,27.074,60.923,1832.193,171.595,1000
0,0.0,100,0.12,554322.5212,423460.6194,121.516,27.074,113.516,3369.541,334.888,1000
0,0.0,200,0.1768,554322.5212,423460.6194,121.516,27.074,210.399,6122.689,646.052,1000
0,0.0,500,0.2859,554322.5212,423460.6194,121.516,27.074,506.528,14097.987,1513.557,1000
0,0.0,1000,0.3894,554322.5212,423460.6194,121.516,27.074,1003.903,26559.657,2855.76,1000
0,0.0,2000,0.4934,554322.5212,423460.6194,121.516,27.074,2002.636,49524.023,5342.502,1000
0,0.0,5000,0.633,554322.5212,423460.6194,121.516,27.074,5001.632,110131.116,12160.684,1000
1,50.0,10,0.0211,553660.6808,424388.9407,121.406,27.414,14.92,454.931,33.998,1000
1,50.0,20,0.0379,553660.6808,424388.9407,121.406,27.414,27.516,835.043,68.876,1000
1,50.0,50,0.0734,553660.6808,424388.9407,121.406,27.414,61.48,1846.543,171.23,1000
1,50.0,100,0.1148,553660.6808,424388.9407,121.406,27.414,113.789,3373.591,334.856,1000
1,50.0,200,0.1804,553660.6808,424388.9407,121.406,27.414,211.733,6156.149,646.759,1000
1,50.0,500,0.2869,553660.6808,424388.9407,121.406,27.414,505.896,14084.239,1515.243,1000
1,50.0,1000,0.3851,553660.6808,424388.9407,121.406,27.414,1004.224,26571.693,2857.416,1000
1,50.0,2000,0.4892,553660.6808,424388.9407,121.406,27.414,2002.762,49528.83,5348.482,1000
1,50.0,5000,0.6342,553660.6808,424388.9407,121.406,27.414,5001.64,110119.982,12166.521,1000
2,100.0,10,0.0227,559198.6584,430881.6028,121.876,27.144,14.939,454.761,33.716,1000
2,100.0,20,0.0356,559198.6584,430881.6028,121.876,27.144,27.303,827.058,68.63,1000
2,100.0,50,0.0739,559198.6584,430881.6028,121.876,27.144,61.786,1854.389,171.392,1000
2,100.0,100,0.1147,559198.6584,430881.6028,121.876,27.144,113.062,3351.947,334.309,1000
2,100.0,200,0.1647,559198.6584,430881.6028,121.876,27.144,211.569,6148.401,646.84,1000
2,100.0,500,0.2717,559198.6584,430881.6028,121.876,27.144,506.554,14091.059,1517.489,1000
2,100.0,1000,0.3663,559198.6584,430881.6028,121.876,27.144,1003.914,26546.527,2860.827,1000
2,100.0,2000,0.4733,559198.6584,430881.6028,121.876,27.144,2002.624,49490.596,5360.209,1000
2,100.0,5000,0.6109,559198.6584,430881.6028,121.876,27.144,5001.765,110044.579,12206.378,1000
3,150.0,10,0.0177,567307.07,442339.0898,119.031,26.67,14.878,453.134,33.992,1000
3,150.0,20,0.0324,567307.07,442339.0898,119.031,26.67,27.316,827.471,69.034,1000
3,150.0,50,0.0641,567307.07,442339.0898,119.031,26.67,61.255,1835.852,171.277,1000
3,150.0,100,0.1051,567307.07,442339.0898,119.031,26.67,113.755,3367.588,335.065,1000
3,150.0,200,0.1588,567307.07,442339.0898,119.031,26.67,211.766,6146.687,647.388,1000
3,150.0,500,0.2569,567307.07,442339.0898,119.031,26.67,506.647,14070.308,1518.999,1000
3,150.0,1000,0.3491,567307.07,442339.0898,119.031,26.67,1004.509,26515.303,2869.351,1000
3,150.0,2000,0.4573,567307.07,442339.0898,119.031,26.67,2002.83,49423.21,5374.944,1000
3,150.0,5000,0.6046,567307.07,442339.0898,119.031,26.67,5001.792,109880.067,12239.563,1000
4,200.0,10,0.0186,583210.6742,456295.3461,120.835,27.723,14.867,451.428,33.7,1000
4,200.0,20,0.0321,583210.6742,456295.3461,120.835,27.723,27.271,823.937,68.579,1000
4,200.0,50,0.0598,583210.6742,456295.3461,120.835,27.723,61.284,1833.92,170.734,1000
4,200.0,100,0.1006,583210.6742,456295.3461,120.835,27.723,113.576,3355.269,334.239,1000
4,200.0,200,0.1555,583210.6742,456295.3461,120.835,27.723,212.447,6151.643,646.493,1000
4,200.0,500,0.2451,583210.6742,456295.3461,120.835,27.723,506.838,14052.118,1520.445,1000
4,200.0,1000,0.3307,583210.6742,456295.3461,120.835,27.723,1004.378,26471.668,2873.725,1000
4,200.0,2000,0.4308,583210.6742,456295.3461,120.835,27.723,2002.926,49328.128,5388.623,1000
4,200.0,5000,0.5797,583210.6742,456295.3461,120.835,27.723,5001.791,109652.599,12296.733,1000
6,300.0,10,0.0109,624486.4806,497190.3937,118.14,26.79,14.98,452.357,33.472,1000
6,300.0,20,0.0255,624486.4806,497190.3937,118.14,26.79,27.555,828.514,68.504,1000
6,300.0,50,0.0488,624486.4806,497190.3937,118.14,26.79,61.714,1837.358,171.324,1000
6,300.0,100,0.0794,624486.4806,497190.3937,118.14,26.79,114.836,3375.776,334.941,1000
6,300.0,200,0.1238,624486.4806,497190.3937,118.14,26.79,214.034,6165.815,647.883,1000
6,300.0,500,0.205,624486.4806,497190.3937,118.14,26.79,508.172,14022.608,1529.645,1000
6,300.0,1000,0.2884,624486.4806,497190.3937,118.14,26.79,1005.135,26373.042,2895.597,1000
6,300.0,2000,0.3832,624486.4806,497190.3937,118.14,26.79,2003.499,49121.077,5440.224,1000
6,300.0,5000,0.5248,624486.4806,497190.3937,118.14,26.79,5002.082,109089.716,12432.533,1000
8,400.0,10,0.0107,693859.7561,558635.3828,116.432,25.118,14.893,446.419,33.409,1000
8,400.0,20,0.0182,693859.7561,558635.3828,116.432,25.118,27.326,814.28,68.366,1000
8,400.0,50,0.0389,693859.7561,558635.3828,116.432,25.118,61.941,1828.516,169.921,1000
8,400.0,100,0.0643,693859.7561,558635.3828,116.432,25.118,114.874,3350.889,334.227,1000
8,400.0,200,0.101,693859.7561,558635.3828,116.432,25.118,213.577,6108.895,649.489,1000
8,400.0,500,0.1649,693859.7561,558635.3828,116.432,25.118,508.86,13942.242,1535.161,1000
8,400.0,1000,0.2441,693859.7561,558635.3828,116.432,25.118,1005.766,26197.244,2916.271,1000
8,400.0,2000,0.3277,693859.7561,558635.3828,116.432,25.118,2003.896,48770.699,5494.613,1000
8,400.0,5000,0.4601,693859.7561,558635.3828,116.432,25.118,5002.566,108251.705,12593.007,1000
10,500.0,10,0.0072,776062.8279,632050.3991,116.732,25.242,14.929,444.004,33.064,1000
10,500.0,20,0.0137,776062.8279,632050.3991,116.732,25.242,27.521,814.878,67.858,1000
10,500.0,50,0.0297,776062.8279,632050.3991,116.732,25.242,62.216,1822.311,170.336,1000
10,500.0,100,0.0458,776062.8279,632050.3991,116.732,25.242,114.856,3320.518,334.772,1000
10,500.0,200,0.0751,776062.8279,632050.3991,116.732,25.242,215.444,6107.495,650.418,1000
10,500.0,500,0.132,776062.8279,632050.3991,116.732,25.242,510.341,13856.998,1544.04,1000
10,500.0,1000,0.1981,776062.8279,632050.3991,116.732,25.242,1006.119,25979.867,2935.944,1000
10,500.0,2000,0.2703,776062.8279,632050.3991,116.732,25.242,2004.309,48358.926,5542.819,1000
10,500.0,5000,0.3954,776062.8279,632050.3991,116.732,25.242,5002.715,107274.903,12739.063,1000
12,600.0,10,0.0048,881353.3479,725839.0589,114.207,25.352,14.959,439.221,32.698,1000
12,600.0,20,0.0085,881353.3479,725839.0589,114.207,25.352,27.59,807.582,67.781,1000
12,600.0,50,0.02,881353.3479,725839.0589,114.207,25.352,62.939,1825.342,169.978,1000
12,600.0,100,0.0352,881353.3479,725839.0589,114.207,25.352,115.844,3317.148,334.896,1000
12,600.0,200,0.057,881353.3479,725839.0589,114.207,25.352,216.573,6077.977,651.353,1000
12,600.0,500,0.1007,881353.3479,725839.0589,114.207,25.352,510.83,13739.667,1549.671,1000
12,600.0,1000,0.153,881353.3479,725839.0589,114.207,25.352,1007.381,25760.751,2952.64,1000
12,600.0,2000,0.2231,881353.3479,725839.0589,114.207,25.352,2004.774,47902.482,5584.992,1000
12,600.0,5000,0.3443,881353.3479,725839.0589,114.207,25.352,5003.44,106177.428,12860.123,1000
16,800.0,10,0.0036,1151219.628,976408.878,110.41,23.485,14.957,428.289,32.329,1000
16,800.0,20,0.0059,1151219.628,976408.878,110.41,23.485,27.468,783.019,67.143,1000
16,800.0,50,0.013,1151219.628,976408.878,110.41,23.485,63.207,1786.645,169.441,1000
16,800.0,100,0.021,1151219.628,976408.878,110.41,23.485,117.388,3278.865,333.891,1000
16,800.0,200,0.0362,1151219.628,976408.878,110.41,23.485,218.737,5994.555,651.324,1000
16,800.0,500,0.0661,1151219.628,976408.878,110.41,23.485,513.939,13510.586,1556.668,1000
16,800.0,1000,0.1041,1151219.628,976408.878,110.41,23.485,1009.088,25235.789,2975.467,1000
16,800.0,2000,0.157,1151219.628,976408.878,110.41,23.485,2006.771,46869.658,5651.464,1000
16,800.0,5000,0.2451,1151219.628,976408.878,110.41,23.485,5003.954,103769.577,13072.701,1000
20,1000.0,10,0.0028,1501616.003,1300244.6169,109.143,23.118,15.151,426.661,31.835,1000
20,1000.0,20,0.0041,1501616.003,1300244.6169,109.143,23.118,27.891,780.055,67.258,1000
20,1000.0,50,0.0085,1501616.003,1300244.6169,109.143,23.118,63.731,1761.015,170.032,1000
20,1000.0,100,0.0134,1501616.003,1300244.6169,109.143,23.118,117.331,3204.845,333.463,1000
20,1000.0,200,0.0218,1501616.003,1300244.6169,109.143,23.118,221.113,5921.401,649.767,1000
20,1000.0,500,0.0435,1501616.003,1300244.6169,109.143,23.118,516.029,13258.816,1554.463,1000
20,1000.0,1000,0.0713,1501616.003,1300244.6169,109.143,23.118,1012.244,24765.313,2983.76,1000
20,1000.0,2000,0.1133,1501616.003,1300244.6169,109.143,23.118,2007.575,45913.358,5692.233,1000
20,1000.0,5000,0.1885,1501616.003,1300244.6169,109.143,23.118,5005.15,101669.938,13221.232,1000
